date,SPX_spot,VIX_computed,VIX_actual,F1_sticky_strike,F2_parallel_shift,F3_put_skew_grad,F4_call_skew_grad,F5_downside_conv,F6_upside_conv,sum_factors,delta_vix,delta_vix_source,diff_computed
2023-01-04,3853.39,22.088689537787356,22.010000228881836,,,,,,,,,,
2023-01-05,3808.19,22.399087612925506,22.459999084472656,0.4879926611696739,0.4133332909768086,-0.06168129115985366,-0.00967624907480058,-0.014204320497558598,-0.006521258579997635,0.809242832834272,0.4499988555908203,actual,0.3592439772434517
2023-01-06,3894.2,20.79782502166606,21.1299991607666,1.1951941174003338,-1.9413910584232106,0.026182137634748415,0.038150003737655425,0.16294610777175933,0.06213105750054382,-0.4567876343781698,-1.3299999237060547,actual,0.8732122893278849
2023-01-09,3892.52,21.660383990867686,21.969999313354492,0.0011760416760644432,0.881129033009632,0.026297697674227294,-0.04250926663831933,0.00889710684516487,-0.005770585770797254,0.869220026795972,0.8400001525878906,actual,0.029219874208081364
2023-01-10,3919.78,20.57682418695714,20.579999923706055,0.12947582151047143,-1.0737327643055927,0.020876054457684035,-0.02284430552762018,0.0935072414999496,0.00012457313303926298,-0.8525933792320686,-1.3899993896484375,actual,0.5374060104163689
2023-01-11,3969.31,21.135321500914973,21.09000015258789,0.41143840967307455,0.40732173643000635,0.035942991468171925,0.0019393857338414477,0.0689874391590628,0.008915855838449005,0.9345458183026061,0.5100002288818359,actual,0.42454558942077014
2023-01-12,3982.87,18.633958522238462,18.829999923706055,0.029854544827127683,-2.876040443127593,0.00010461654865423498,0.043389644477393574,0.15976285924903522,0.0811114477504482,-2.561817330274934,-2.260000228881836,actual,-0.30181710139309814
2023-01-13,3998.71,17.696987066758165,18.350000381469727,0.03039948083042532,-1.3612883713660615,0.07904769682489032,-0.0003443533505276264,0.24848442389055947,0.011915532982317956,-0.9917855901883961,-0.4799995422363281,actual,-0.511786047952068
2023-01-17,3990.4,19.493348693993877,19.360000610351562,0.01618401282044246,1.921188840010121,0.025296990478285153,-0.07097978473524336,-0.043404387889751206,-0.07254374920988482,1.7757419214739691,1.010000228881836,actual,0.7657416925921332
2023-01-18,3928.85,20.237949418902648,20.34000015258789,0.9167513821608857,0.7997664379372971,0.031115298897010035,-0.0060840461825932834,-0.03101625141966835,-0.052632140865394916,1.6579006805275363,0.9799995422363281,actual,0.6779011382912081
2023-01-19,3899.16,20.462138674826768,20.520000457763672,0.1942484133810609,0.2985198494618011,0.010062289966089821,-0.02988476773860782,-0.010246112147338948,-0.034751936906577185,0.4279477360164279,0.18000030517578125,actual,0.24794743084064663
2023-01-20,3971.98,19.68955334097582,19.850000381469727,0.9384499888073989,-0.8878399314209489,-0.02058650334961243,0.03129792659600028,0.10811166478456258,0.03623103833002972,0.20566418374743023,-0.6700000762939453,actual,0.8756642600413755
2023-01-23,4019.36,19.531152128498324,19.809999465942383,0.40396994583773704,-0.5096678592313069,0.03349466247384569,0.02968148379302349,0.16330618088736415,0.06160402864250614,0.18238844240316965,-0.04000091552734375,actual,0.2223893579305134
2023-01-24,4016.84,19.26842861072652,19.200000762939453,0.0012898352042896022,-0.31380723921583,0.031935302953041145,-0.014008367223695473,0.04300733350682506,0.001997496345289562,-0.24958563843008008,-0.6099987030029297,actual,0.3604130645728496
2023-01-25,4016.22,19.09969819322221,19.079999923706055,0.0007593237409260212,-0.12787002445071494,0.008788921676917028,0.026636410490993967,-0.045011226824769324,0.0005432459185712446,-0.136153349448076,-0.12000083923339844,actual,-0.016152510214677562
2023-01-26,4060.18,18.591030385098957,18.729999542236328,0.30894530588017943,-0.3565312024300411,-0.047509824984565796,-0.030918158724944078,-0.030331832972695594,-0.022944721281501046,-0.1792904345135682,-0.35000038146972656,actual,0.17070994695615838
2023-01-27,4070.02,18.08712128214662,18.510000228881836,0.011046905583413036,-0.5906012971857741,-0.010994785105427951,0.02151306510545581,0.052390395990148164,0.02068089890538971,-0.4959648167067954,-0.2199993133544922,actual,-0.2759655033523032
2023-01-30,4018.18,19.731899264497525,19.940000534057617,0.5612615026880299,1.9009514693424627,0.0034126163562326894,-0.043495781347843376,-0.06837409754463408,-0.06976440704399067,2.283991302450257,1.4300003051757812,actual,0.8539909972744759
2023-01-31,4077.16,19.201844574096892,19.399999618530273,0.5524447743032717,-0.8326576358433826,0.06899354241048528,-0.01526403754215977,0.17651781109432108,0.01850783187352789,-0.03145771370393646,-0.5400009155273438,actual,0.5085432018234073
2023-02-01,4119.88,18.15020889740011,17.8700008392334,0.30316063795177683,-1.3205301181568885,0.037634536005313635,0.038508055721020895,0.14346993499057703,0.0538155175651589,-0.7439414359230412,-1.529998779296875,actual,0.7860573433738338
2023-02-02,4180.26,18.101386654561512,18.729999542236328,0.5803220569823111,-0.4528436610756188,-0.022763311853513102,0.053805565234366526,0.17941294582105982,0.0818113671705909,0.41974496227919644,0.8599987030029297,actual,-0.44025374072373324
2023-02-03,4136.27,17.976949677155286,18.329999923706055,0.3957964636710436,0.20271791988054488,-0.0031035908899710307,0.00040585849019336706,-0.16485072421084013,-0.037879339502634224,0.39308658743833647,-0.39999961853027344,actual,0.7930862059686099
2023-02-06,4111.02,18.94856754385451,19.43000030517578,0.159229331738171,1.2600327837608276,-0.021360658220825002,-0.08876581016804863,-0.07587826279560161,-0.07696989115139985,1.1562874931631235,1.1000003814697266,actual,0.05628711169339695
2023-02-07,4163.74,18.1483886858209,18.65999984741211,0.4489904725677363,-0.9830270976460902,0.024999370956649614,0.05601487245111514,0.05239107002375576,0.047088518560190806,-0.3535427930866426,-0.7700004577636719,actual,0.41645766467702927
2023-02-08,4118.33,19.645351943765448,19.6299991607666,0.4721403832233335,1.794694901346368,0.018446900720924475,-0.041833011113457275,-0.08953705126567968,-0.11929924623058952,2.0346128766808995,0.9699993133544922,actual,1.0646135633264073
2023-02-09,4081.89,20.51956444209116,20.709999084472656,0.255738540711814,1.247198965204948,-0.022520498592310645,-0.03774388187582289,-0.15713880872846175,-0.05929879329659471,1.226235523423572,1.0799999237060547,actual,0.14623559971751732
2023-02-10,4090.54,20.031695000254732,20.530000686645508,0.00903906201329363,-0.37218469248988484,-0.04073150323948127,0.002958086959523598,-0.07098434706873746,0.010133783948631958,-0.4617696098766544,-0.17999839782714844,actual,-0.28177121204950595
2023-02-13,4137.71,20.60120427724511,20.34000015258789,0.3764989072959182,0.2751615715508535,0.05557364685708066,0.02370435830047768,0.017658827067592142,0.027396904674798606,0.7759942157467208,-0.1900005340576172,actual,0.965994749804338
2023-02-14,4136.02,18.917296373396358,18.90999984741211,0.0005894454429480334,-1.86211778631219,0.07373126824539966,0.0020380260106342973,0.11070107169637922,0.015051038569431796,-1.660006936347397,-1.4300003051757812,actual,-0.2300066311716158
2023-02-15,4148.11,18.119502057136895,18.229999542236328,-0.013931761323181746,-0.8458770306805903,0.004970242555160098,0.026667284208567565,0.10290854621055345,0.01657979163013934,-0.7086829273993516,-0.6800003051757812,actual,-0.02868262222357032
2023-02-16,4090.92,19.753003329101844,20.170000076293945,0.7072358938776269,1.3895380015832366,0.04692579731081992,-0.05441489328076443,0.1636031228931465,-0.06351093811105102,2.1893769842730144,1.9400005340576172,actual,0.24937645021539723
2023-02-17,4079.42,19.230181404420225,20.020000457763672,0.03905942939499596,-0.29498378337836684,-0.0351790305509887,-0.009836232485366025,-0.14526697374916253,-0.017154556180187797,-0.46336114694907593,-0.14999961853027344,actual,-0.3133615284188025
2023-02-21,3997.57,23.03373564460237,22.8700008392334,1.2710884588659432,4.129863184963181,-0.061267380678433625,-0.059041540767371004,-0.12530676212091407,-0.1180378676480629,5.037298092614343,2.8500003814697266,actual,2.187297711144616
2023-02-22,3991.88,22.404338636804795,22.290000915527344,0.009110873721240864,-0.6110363001627874,0.028308929869726995,0.008458288754990662,-0.055825033151425174,0.0013175168762309397,-0.6196657240920231,-0.5799999237060547,actual,-0.03966580038596845
2023-02-23,4012.14,20.997151225040618,21.139999389648438,0.04084983556491295,-1.469223975645292,0.0023263752974074237,0.045558751849583246,-0.029248442773059935,0.06115466580358486,-1.3485827899028635,-1.1500015258789062,actual,-0.19858126402395726
2023-02-24,3970.42,21.310470301240734,21.670000076293945,0.3587596811975651,0.5486586105419349,-0.08310665106810688,0.03405738702247163,-0.1425600334988424,0.01031992590445796,0.7261289200994803,0.5300006866455078,actual,0.19612823345397246
2023-02-27,3982.38,20.804784613749312,20.950000762939453,0.02489292955545963,-0.41378602772563156,-0.026912394286124908,-0.01748540442336477,-0.005282011508420226,0.013160549064597404,-0.4254123593234844,-0.7199993133544922,actual,0.29458695403100776
2023-02-28,3969.12,20.274546283803502,20.700000762939453,0.04048688475555551,-0.5450650198207647,-0.017804040733949478,0.03794934925256044,-0.026292454223185047,0.014368668884515046,-0.49635661188526825,-0.25,actual,-0.24635661188526825
2023-03-01,3952.01,20.657471701493765,20.579999923706055,0.06937496607535465,0.7047836492285597,-0.033082294985057104,0.0137658485595189,-0.14340100474147377,-0.009982202905849391,0.601458961231053,-0.12000083923339844,actual,0.7214598004644515
2023-03-02,3980.73,19.621915620708744,19.59000015258789,0.15164176344827496,-1.0403471082993292,0.022246358274173872,0.024586503426228035,-0.019375503974870867,0.025958912208832174,-0.835289074916691,-0.9899997711181641,actual,0.15471069620147304
2023-03-03,4046.21,18.388153145574478,18.489999771118164,0.8041935177787884,-1.603014838796394,0.014090824505377242,0.035787877367450704,0.13646314921050973,0.07302650607214645,-0.5394529638621215,-1.1000003814697266,actual,0.5605474176076051
2023-03-06,4048.46,18.639238911655536,18.610000610351562,-0.004191199584465011,-0.05729076538143474,0.06274828879989158,0.12148068637378628,0.12487854813479515,0.04293200901967609,0.29055756736224936,0.12000083923339844,actual,0.17055672812885092
2023-03-07,3986.51,19.589866054416163,19.59000015258789,1.0132679734858208,1.4352567963806209,-0.07111323892912935,-0.10241685850158788,-0.15857442889376472,-0.07385981993211388,2.042560423609846,0.9799995422363281,actual,1.0625608813735177
2023-03-08,3992.41,19.055237434271575,19.110000610351562,-0.0005205963851899753,-0.5665229144372006,0.01694800300431254,-0.0008599004991367565,0.02135616168598986,0.012592837558685233,-0.5170064090725397,-0.4799995422363281,actual,-0.03700686683621157
2023-03-09,3918.94,22.06335780321812,22.610000610351562,1.1961965029101123,2.9513297552616216,-0.025439008860431045,-0.027363251476145933,0.029680710317091297,-0.09066969948236903,4.033735008669879,3.5,actual,0.5337350086698791
2023-03-10,3861.68,24.106047689576375,24.799999237060547,0.6529955569701364,1.1652469502623397,0.13171587922921546,-0.08364589588149585,0.48701233676872135,-0.11192288835275832,2.241401938996159,2.1899986267089844,actual,0.05140331228717443
2023-03-13,3856.04,26.65593600523209,26.520000457763672,0.012753169924700103,3.194537586747,-0.057626710985196894,-0.017992481796603954,-0.28269053873104966,-0.07317915599591629,2.775801869162933,1.720001220703125,actual,1.0558006484598081
2023-03-14,3921.44,23.767259201242823,23.729999542236328,0.6857353016516186,-3.5825846879894634,0.129498540586777,0.05144903751513752,0.34442227195366115,0.027897141593008712,-2.3435823946892604,-2.7900009155273438,actual,0.4464185208380833
2023-03-15,3893.21,26.14667366432509,26.139999389648438,0.14385862523411674,1.744121034038745,0.2772228429030328,-0.05559694693652517,0.49655450167478676,-0.06035488991868121,2.545805166995475,2.4099998474121094,actual,0.1358053195833655
2023-03-16,3960.6,23.034087458281917,22.989999771118164,0.6583188645185238,-3.0926532900853196,-0.06062929524053828,0.04679608306443228,-0.002094197480694504,0.09119055284453026,-2.359071282379066,-3.1499996185302734,actual,0.7909283361512074
2023-03-17,3916.87,25.37152337871532,25.510000228881836,0.3790019757546297,2.8377616804359285,-0.01657887703335348,-0.038466458259183156,-0.12754003770535505,-0.11949914530117312,2.9146791378914934,2.520000457763672,actual,0.3946786801278215
2023-03-20,3951.77,24.089785780189203,24.149999618530273,0.10111918615328719,-1.4610819186973494,0.07486592948041348,0.0395400702009141,-0.019349963051016772,0.038246698271887425,-1.226659997641864,-1.3600006103515625,actual,0.13334061270969855
2023-03-21,4003.76,21.747311362131335,21.3799991607666,0.24155782568363904,-2.053711902519236,-0.15092760638530933,0.05756714045906719,-0.19663740554944553,0.10423390218448958,-1.9979180461267951,-2.770000457763672,actual,0.7720824116368767
2023-03-22,3936.17,21.94455982602784,22.260000228881836,0.9507730653353512,0.6043082088742864,-0.0462522558331635,-0.036548017301633706,-0.06976326279490763,-0.051185627319938476,1.3513321109599943,0.8800010681152344,actual,0.4713310428447599
2023-03-23,3947.86,22.30274154094624,22.610000610351562,0.019899487101440627,0.12530108842163656,0.10271109565625025,-0.06601367315431261,0.172118122077638,-0.0587725273969788,0.295243592705674,0.35000038146972656,actual,-0.054756788764052544
2023-03-24,3971.35,21.588401027413703,21.739999771118164,0.055283863783678555,-0.7905153539329497,0.021629676935443598,0.045804041194436707,-0.002326805814341526,0.007808260373248999,-0.6623163174604834,-0.8700008392333984,actual,0.20768452177291508
2023-03-27,3978.63,20.515100809661572,20.600000381469727,-0.0030496874855607814,-0.8575159706255633,-0.059016696657678835,0.046283075952054276,-0.13718662584209085,0.05009215861712235,-0.9603937460417171,-1.1399993896484375,actual,0.17960564360672038
2023-03-28,3971.48,19.863631661060747,19.969999313354492,0.013173385762680567,-0.43198261589363085,-0.07226186854825656,0.02199365828236921,-0.13830326464455212,0.01042314836964664,-0.5969575566717431,-0.6300010681152344,actual,0.03304351144349127
2023-03-29,4028.28,19.171067183569953,19.1200008392334,0.5954563614747954,-0.8570573253269487,0.05051192151181638,0.026129737194331426,0.1017754413715366,0.03994380241784512,-0.04324006135662373,-0.8499984741210938,actual,0.80675841276447
2023-03-30,4050.95,18.808219565448685,19.020000457763672,0.08169266211224979,-0.7728518916457539,0.046283225241463555,0.0081959468010524,0.2221797824510645,0.022630450733831964,-0.39186982430609163,-0.10000038146972656,actual,-0.29186944283636507
2023-03-31,4109.88,18.15570025142011,18.700000762939453,0.4986348204481885,-0.6411436462241795,-0.04225840504444278,0.038685516049572044,-0.011139953429314176,0.03399371735946133,-0.12322795084071458,-0.31999969482421875,actual,0.19677174398350417
2023-04-03,4123.95,18.2331106920903,18.549999237060547,0.011811788887268193,0.11827816421417126,0.006675715247521197,0.020085118767411814,0.04747561594338734,0.027384323898157703,0.2317107269579175,-0.15000152587890625,actual,0.38171225283682375
2023-04-04,4101.15,18.837523027968775,19.0,0.15309427760412575,0.693785597378838,0.03225762539024046,-0.04817366192376227,-0.00907112132675536,-0.03568538443560243,0.7862073326870842,0.4500007629394531,actual,0.3362065697476311
2023-04-05,4090.1,19.084495819763788,19.079999923706055,0.02936101440443295,0.4811219460759055,-0.004693207817442868,-0.014069594997792478,-0.099794069118321,-0.03680639208953096,0.35511969645725117,0.07999992370605469,actual,0.2751197727511965
2023-04-06,4104.89,18.231098139132616,18.399999618530273,0.026460816025778655,-0.8207194961840898,-0.0026390947035572765,0.005228372993915542,-0.029947344175834445,0.00811104924974515,-0.8135056967940422,-0.6800003051757812,actual,-0.13350539161826092
2023-04-10,4107.95,18.7958767196865,18.969999313354492,-0.002700546452832242,0.34570688457089815,0.06566797403240443,0.01362329697762732,0.149009874450023,0.0007941073796118303,0.5721015909577325,0.5699996948242188,actual,0.0021018961335137476
2023-04-11,4109.33,19.171125358490922,19.100000381469727,-0.0006832858755601023,0.4093221858426723,-0.021682691678378774,-0.028132767617240262,0.022388037553952245,-0.012281487866893315,0.3689299903585521,0.13000106811523438,actual,0.23892892224331774
2023-04-12,4092.83,19.156050805506524,19.09000015258789,0.09338510663203081,-0.1845467044981497,0.06569931375227611,-0.005762886389028665,0.08872779003246833,-0.023562001677998268,0.03394061785159863,-0.010000228881835938,actual,0.04394084673343457
2023-04-13,4146.58,17.758972122489364,17.799999237060547,0.46552565990305794,-1.6495164873777348,-0.0288581248965194,0.04848897232320937,0.061550388729319394,0.08264661325685196,-1.0201629780618156,-1.2900009155273438,actual,0.2698379374655282
2023-04-14,4137.54,16.863866001533665,17.06999969482422,0.027617668732425216,-0.9340597453614947,-0.020209961388907516,0.016969509977585062,-0.0029152679182296026,0.020967740465099638,-0.8916300554935219,-0.7299995422363281,actual,-0.1616305132571938
2023-04-17,4151.72,16.845316421394323,16.950000762939453,0.018045496350673318,-0.37459444322959357,0.059231508122600474,0.006769853334866127,0.24109821988403013,0.018951054281028945,-0.030498311256394572,-0.11999893188476562,actual,0.08950062062837105
2023-04-18,4154.77,16.65734741231006,16.829999923706055,-0.0036154806257542305,-0.4018862515379169,0.11654568737083082,0.003901062987022641,0.2506747203013262,-0.005159977007370031,-0.0395402385118615,-0.12000083923339844,actual,0.08046060072153693
2023-04-19,4154.69,16.27790848137584,16.459999084472656,0.00030684477285802814,-0.2669649375201004,0.024151867393793935,-0.050050311882934295,0.0403682393064102,-0.021372433511437805,-0.27356073144141035,-0.37000083923339844,actual,0.09644010779198808
2023-04-20,4129.75,17.131361228114905,17.170000076293945,0.14163355074161288,0.8592542062470301,0.03807033182599184,-0.06709265776626694,0.021968964903660293,-0.07167629428696287,0.9221581016650653,0.7100009918212891,actual,0.21215710984377623
2023-04-21,4133.56,16.379980616372162,16.770000457763672,-6.582130538390629e-07,-0.6258907470577952,-0.0377238394953352,-0.006888904451887612,-0.026872214131937966,0.01819819166815151,-0.6791781716818583,-0.39999961853027344,actual,-0.2791785531515849
2023-04-24,4136.58,16.638576870263137,16.889999389648438,-0.006784448106785135,0.21592175334248154,0.03880068628333433,0.02131944146534437,0.017374880272697624,0.007689568889968967,0.2943218821470417,0.11999893188476562,actual,0.17432295026227607
2023-04-25,4071.66,19.515941223507998,18.760000228881836,0.9150837661755489,3.1616560246226193,-0.0386466434061532,-0.09778933919089283,-0.1963384709083833,-0.12644740957402334,3.6175179277187155,1.8700008392333984,actual,1.747517088485317
2023-04-26,4056.51,18.961777917334455,18.84000015258789,0.05651374272758858,-0.4526333811658496,-0.008482374106172585,0.024397809908332846,-0.1370842809648387,0.009698048192170461,-0.507590435408769,0.07999992370605469,actual,-0.5875903591148237
2023-04-27,4135.15,16.921695892666573,17.030000686645508,1.0035370350768105,-2.5214353584197298,0.04605336414063643,0.03373797739057949,0.251698289350621,0.08508344939674117,-1.1013252430643412,-1.8099994659423828,actual,0.7086742228780416
2023-04-28,4170.06,15.604654623778968,15.779999732971191,0.1906069061373863,-1.595146419338171,-0.009004758289485437,0.03161657401067508,0.06610602498846596,0.05866514246724108,-1.257156530023888,-1.2500009536743164,actual,-0.007155576349571646
2023-05-01,4167.33,15.526825637240977,16.079999923706055,0.004106934846475951,-0.16964121162663304,0.05382555748602513,0.013766059390174945,0.10015071928363106,-0.0028640833462265647,-0.0006560239665525103,0.3000001907348633,actual,-0.3006562147014158
2023-05-02,4119.69,17.406186849621324,17.780000686645508,0.5722826497225757,2.367170028082871,-0.03877103679041838,-0.07831855837456558,-0.1966092579033223,-0.13858747162326424,2.487166353113876,1.7000007629394531,actual,0.787165590174423
2023-05-03,4091.93,18.641509198441884,18.34000015258789,0.20950465052470335,1.4638306395846392,0.02500895765747657,-0.025087936977129743,-0.06927961276178962,-0.03583846053706807,1.5681382374908317,0.5599994659423828,actual,1.0081387715484489
2023-05-04,4061.6,19.916371594050524,20.09000015258789,0.18713649994692005,1.4935667549895228,-0.03835230600353157,-0.030754125236057916,-0.06632162648094919,-0.07871842966853038,1.4665567675473739,1.75,actual,-0.28344323245262615
2023-05-05,4134.78,16.685944192659733,17.190000534057617,0.8572211746398004,-3.481201628739825,0.0605109573760636,0.024255629373552523,0.20088750393916044,0.06335714351863331,-2.274969219892615,-2.8999996185302734,actual,0.6250303986376586
2023-05-08,4137.75,16.787669648202044,16.979999542236328,0.0011952346968335803,-0.09487512562632006,0.046804972028542835,-0.0029692908017224795,0.1450994551534599,-0.0025295946372878575,0.09272565081350592,-0.21000099182128906,actual,0.302726642634795
2023-05-09,4119.35,17.60685743139242,17.709999084472656,0.10263238658394869,0.9940299070799874,0.025655971860103932,0.026714283899369917,-0.14298178189102373,-0.014193262626196912,0.9918575049061893,0.7299995422363281,actual,0.26185796266986117
2023-05-10,4137.47,16.904619272675273,16.940000534057617,0.006884310987967268,-1.1009095991202749,0.017166153811306373,0.014963076679912035,0.1562551129073384,0.04551611779465503,-0.8601248269390958,-0.7699985504150391,actual,-0.09012627652405669
2023-05-11,4130.59,16.522045403723897,16.93000030517578,0.017104676888934023,-0.40204414558779433,0.017957167542412833,-0.0024456598603883606,0.03250934686184337,3.020881123916297e-05,-0.3368884053437533,-0.010000228881835938,actual,-0.32688817646191737
2023-05-12,4123.78,16.28208224417094,17.030000686645508,0.011768459452746072,-0.2459447599173643,-0.00880193410055341,-0.006857274806758795,0.03794114632841783,-0.01687504224348757,-0.22876940528700018,0.10000038146972656,actual,-0.32876978675672675
2023-05-15,4137.24,17.21079178826643,17.1200008392334,0.020685910111961192,0.8440179386243898,0.016077844104728456,-0.01837420887249408,0.09639991728585073,-0.008390646245011624,0.9504167550094245,0.09000015258789062,actual,0.8604166024215338
2023-05-16,4110.02,18.164132480688533,17.989999771118164,0.24581412247310652,1.151847971040084,-0.017870070031772656,0.006913267196804185,-0.2920784888902723,-0.025053709105854693,1.069573092682095,0.8699989318847656,actual,0.19957416079732937
2023-05-17,4158.35,16.74108367963722,16.8700008392334,0.38990595304975884,-1.6337960516237438,-0.026459448801631424,0.06815034541979159,0.12793986735979246,0.09191357452612081,-0.9823457600699115,-1.1199989318847656,actual,0.13765317181485415
2023-05-18,4197.84,16.107518980787418,16.049999237060547,0.3110014691780236,-0.9457821283576635,0.00931893844326126,0.04343506997578217,0.11362695831351033,0.06268000105312055,-0.4057196913939656,-0.8200016021728516,actual,0.414281910778886
2023-05-19,4191.97,16.44361910667857,16.809999465942383,0.0127168733229297,0.3406889372800279,0.03236160373043262,0.0007273639841187673,0.027166408743525494,-0.01195091727503339,0.4017102697860011,0.7600002288818359,actual,-0.35828995909583483
2023-05-22,4192.65,16.959114349383366,17.209999084472656,-0.0015611372438044668,0.5954119776535194,0.019781178565427382,-0.051153664105569874,0.045302537747272,-0.04844336444285702,0.5593375281739874,0.39999961853027344,actual,0.15933790964371397
2023-05-23,4145.82,18.389050976831317,18.530000686645508,0.6082466693169302,1.5105536560077866,0.05449658819704695,-0.03086717324120869,0.07081855987582841,-0.09201668367467519,2.121231616481708,1.3200016021728516,actual,0.8012300143088567
2023-05-24,4115.13,20.095400921193036,20.030000686645508,0.17812845419190282,1.7477786792433463,0.02246105036649837,-0.03248268764849627,-0.006858055781652439,-0.09525379689911162,1.8137736434724872,1.5,actual,0.31377364347248715
2023-05-25,4151.52,18.900783857419178,19.139999389648438,0.16829614081170519,-1.4834703630654005,0.008264222537654575,0.023903617825535406,0.15566386002909738,0.04818336611962337,-1.0791591557417846,-0.8900012969970703,actual,-0.18915785874471425
2023-05-26,4205.04,17.69542041563775,17.950000762939453,0.4930356292695919,-1.7100813696062538,0.019791578368398177,0.04575605262026272,0.2264399277368021,0.0865863146947845,-0.8384718669164144,-1.1899986267089844,actual,0.35152675979257
2023-05-30,4205.47,17.42590210729652,17.459999084472656,-0.00032353980367005875,0.19337667713501716,-0.09702475335345184,-0.005245808696589194,-0.25783820344326713,-0.007269592352226795,-0.17432522051418786,-0.4900016784667969,actual,0.315676457952609
2023-05-31,4181.1,17.63700352573038,17.940000534057617,0.18158814220731756,0.021050625199059425,0.04633327566723722,-0.020495767218683625,0.05148687385496942,-0.02406650063770499,0.255896649072195,0.48000144958496094,actual,-0.22410480051276593
2023-06-01,4221.32,15.637698885735837,15.649999618530273,0.26909952860726705,-1.8483767352634963,-0.06776309346477483,0.039344144869327025,-0.04156098656075713,0.07066062518977034,-1.5785965166226639,-2.2900009155273438,actual,0.7114043989046799
2023-06-02,4281.37,14.276723830765278,14.600000381469727,0.7052235250535901,-1.0634840931465117,-0.13789407792008035,0.09140327380966973,-0.2153139354050584,0.13860767613558167,-0.48145763147280896,-1.0499992370605469,actual,0.5685416055877379
2023-06-05,4274.8,14.283094150444137,14.729999542236328,0.021607503781995163,0.03993885020575405,0.039599690676640265,-0.0024388977670302125,0.031582932498361416,-0.020576101989624007,0.10971397740609667,0.12999916076660156,actual,-0.020285183360504888
2023-06-06,4283.47,13.70256732117651,13.960000038146973,-0.008404318047201542,-0.7532976331536538,0.02861682090774842,0.020072426827042023,0.1501403019126979,0.003023094389451586,-0.5598493071639155,-0.7699995040893555,actual,0.21015019692544
2023-06-07,4268.17,13.928946950398846,13.9399995803833,0.078051046591046,0.2441542892522044,0.004508878188447696,-0.04475400865894663,0.048816611018205336,-0.026396845383155565,0.30437997100780123,-0.020000457763671875,actual,0.3243804287714731
2023-06-08,4294.38,13.481541945221661,13.649999618530273,0.15541592390056458,-0.6302926190834306,0.0036436046530017308,0.012214545129381804,0.07460601945137846,0.002477994483099266,-0.38193453146600476,-0.28999996185302734,actual,-0.09193456961297741
2023-06-09,4299.49,13.484960694690123,13.829999923706055,-0.0023524288161240747,-0.06514036676956181,-0.004388692383027859,0.006403489444700483,0.03650799194411114,0.0032942732655829587,-0.02567573331431916,0.18000030517578125,actual,-0.2056760384901004
2023-06-12,4339.77,14.66272088309341,15.010000228881836,0.34961738980866564,1.3464480588275656,0.006058866473773961,-0.027502541248734858,-0.14875075706678942,-0.03379402764869788,1.492076989145783,1.1800003051757812,actual,0.31207668397000177
2023-06-13,4369.3,14.521707979321272,14.609999656677246,0.1710342513512213,-0.22101270049303956,-0.09537962178692894,0.03954654920344858,0.1104690612967314,0.037015907637742984,0.04167344720917576,-0.40000057220458984,actual,0.4416740194137656
2023-06-14,4373.18,13.906570943227898,13.880000114440918,-0.012043227960814917,-0.28584725953164636,-0.035318965711717,0.01999557182857714,-0.1721059733218553,0.0001161419629980287,-0.4852037127344584,-0.7299995422363281,actual,0.24479582950186973
2023-06-15,4426.17,14.289794582432885,14.5,0.5181215575481275,0.4145610707921499,-0.023724954366588946,0.007690990375916584,-0.08507834617050136,0.01013042898298977,0.8417007471620934,0.619999885559082,actual,0.2217008616030114
2023-06-16,4410.8,13.30452468103628,13.539999961853027,0.0765103566755112,-0.5931767817289249,-0.023996494987526873,0.005642230799846715,-0.16921120850282634,0.018245257194847042,-0.6859866405490731,-0.9600000381469727,actual,0.27401339759789956
2023-06-20,4389.05,13.847304600968954,13.880000114440918,0.16071443807596886,0.7504335867577137,0.023770671337176807,-0.021691098112583518,-0.02772939643344685,-0.040536620041590865,0.8449615815832381,0.3400001525878906,actual,0.5049614289953475
2023-06-21,4365.45,13.115261353169478,13.199999809265137,0.15223557534642929,-0.7712207473141692,0.08403325602645673,-0.024826654397612558,0.07113228219860801,-0.038233458847264146,-0.5268797469875519,-0.6800003051757812,actual,0.15312055818822934
2023-06-22,4381.76,12.575400108065853,12.90999984741211,0.03485555645336014,-0.6400333839366272,0.008049034017984624,0.0018120750241905625,0.03797954225774092,0.015628221744718118,-0.5417089544386329,-0.28999996185302734,actual,-0.25170899258560553
2023-06-23,4348.45,12.926820896730383,13.4399995803833,0.3172828101462315,0.2715639375054746,0.0500322607200232,-0.03141339462900383,0.14363520757986414,-0.038642860548625535,0.7124579607739641,0.5299997329711914,actual,0.18245822780277265
2023-06-26,4329.43,13.969588773295282,14.25,0.13485923253020893,0.9126443658129055,0.05975211384431134,-0.01221312752974768,0.048261530272998954,-0.03831578059798879,1.1049883343326883,0.8100004196166992,actual,0.29498791471598906
2023-06-27,4378.07,13.729351066338735,13.739999771118164,0.42245796070979935,-0.33358108841612655,-0.05357529859864307,0.03468979057239885,-0.1103077028281465,0.07681379564007074,0.03649745707935281,-0.5100002288818359,actual,0.5464976859611888
2023-06-28,4377.51,13.434058940723014,13.430000305175781,0.0015656036150613062,-0.05118962315468778,0.0007219438264929323,0.011292080444784247,-0.10140806007144576,-0.005490994738579502,-0.14450905007837456,-0.3099994659423828,actual,0.16549041586400826
2023-06-29,4397.04,13.32094476619517,13.539999961853027,0.084641992867871,-0.26786368297580765,0.007389136109017258,0.004425369863476192,0.058832905355407306,0.011672859628697907,-0.10090141915133799,0.1099996566772461,actual,-0.21090107582858408
2023-06-30,4450.23,12.961281192003081,13.59000015258789,0.6316062124700554,-0.522636702752207,-0.056548036750983854,0.026876657272245197,0.031704050516051296,0.05421809377681264,0.16522027453197374,0.05000019073486328,actual,0.11522008379711046
2023-07-03,4455.59,13.36077995979924,13.569999694824219,0.0011063949341316714,0.39513928231489537,0.03851775811397218,-0.0003644410054572944,-0.018517070187543894,-0.028926519135088924,0.3869554050349091,-0.020000457763671875,actual,0.406955862798581
2023-07-05,4446.65,14.153933214003612,14.180000305175781,0.02378305073853504,0.9557124012903664,0.020112479887876233,-0.05382949004247273,-0.010133781328956815,-0.039472424359312086,0.896172236186036,0.6100006103515625,actual,0.28617162583447353
2023-07-06,4411.58,15.199370541744658,15.4399995803833,0.33604127621998536,0.8891278615388583,0.07222971764688246,-0.04960348375196766,0.09867913461675037,-0.059581495450139244,1.2868930108203696,1.2599992752075195,actual,0.026893735612850023
2023-07-07,4399.17,14.574414670065385,14.829999923706055,0.043971092765021424,-0.4666796096281285,-0.04676672292474571,0.0029569169022476416,-0.0711111554041004,0.009685773827353472,-0.5279437044623521,-0.6099996566772461,actual,0.08205595221489403
2023-07-10,4410.22,14.850826296499752,15.069999694824219,0.01891014731227436,0.21929171213518472,0.03612369407803939,0.032189896260859996,0.03981007287752725,-0.0037713954828486607,0.34255412718103706,0.23999977111816406,actual,0.102554356062873
2023-07-11,4439.03,14.86648392680662,14.84000015258789,0.1614526688707123,0.1056655712521426,-0.055287295127332214,0.04310451650118097,-0.1193582173730956,0.018003308237998894,0.15358055236160695,-0.22999954223632812,actual,0.3835800945979351
2023-07-12,4473.1,13.58328328604165,13.539999961853027,0.02472782828588649,-1.4426395092220297,0.016176210128513446,0.04067824199429637,0.08780815021304278,0.07196888661185241,-1.2012801919884382,-1.3000001907348633,actual,0.09871999874642512
2023-07-13,4509.62,13.456375003074703,13.609999656677246,0.2771736401187965,-0.07135860007844386,-0.03845337456395548,0.028760104245360907,-0.013563410627551065,0.027966960378089212,0.21052531947229625,0.06999969482421875,actual,0.1405256246480775
2023-07-14,4506.4,13.157652732471133,13.34000015258789,0.010900695895532664,-0.2548250496095896,-0.02378516260563579,-0.002826821594803519,-0.07886316506002977,0.00136830539181787,-0.3480311975827082,-0.26999950408935547,actual,-0.0780316934933527
2023-07-17,4522.64,13.486372023321746,13.479999542236328,0.023851759592131927,0.42241196317515595,-0.02734035616465391,0.01446205732737127,0.05031561662506867,-0.010220878272454215,0.4734801622826197,0.1399993896484375,actual,0.3334807726341822
2023-07-18,4555.35,13.47243604352831,13.300000190734863,-0.019595932563349905,-0.053928452030520546,-0.032399802157033974,0.009774890944521886,-0.1714980980908276,0.0309751577693973,-0.23667223612781285,-0.17999935150146484,actual,-0.05667288462634801
2023-07-19,4565.25,13.612572847936002,13.760000228881836,-0.010223180861345327,0.19864370837943923,0.037446476901909165,-0.008024765459829553,0.10539514807047645,-0.02253886924115278,0.3006985177894972,0.46000003814697266,actual,-0.15930152035747547
2023-07-20,4536.2,13.837717549839576,13.989999771118164,0.24031387144326466,0.05297215378057807,0.03787132578318442,-0.021916544904206248,0.1398398900469271,-0.029505258014832947,0.41957543813491505,0.22999954223632812,actual,0.18957589589858692
2023-07-21,4535.89,13.35878444219675,13.600000381469727,0.00016067811196762705,-0.4931333412884591,0.006175225650462579,0.00955496287404678,0.01622417859381642,0.008883716285970067,-0.4521345797721956,-0.3899993896484375,actual,-0.06213519012375812
2023-07-24,4554.96,13.637164377099037,13.90999984741211,0.06918518280582475,0.24422513622294417,-0.0010497891391807457,-0.009754034352985386,0.08370114754113267,-0.0026980368152837997,0.38360960626245166,0.3099994659423828,actual,0.07361014032006885
2023-07-25,4567.3,13.875463838369754,13.859999656677246,0.04301942992773533,0.3103348090588174,-0.0023122993777651146,-0.033216388715723966,0.058597748025608354,-0.016692123728512698,0.3597311751901593,-0.05000019073486328,actual,0.4097313659250226
2023-07-26,4567.72,13.266865899798862,13.1899995803833,-0.0009328040286167294,-0.5810088669763633,0.0030530449105921065,0.042966098737098335,-0.027340252985737834,0.013002507600869961,-0.5502602727421575,-0.6700000762939453,actual,0.11973980355178782
2023-07-27,4537.82,14.448689998579567,14.40999984741211,0.24059061366547319,0.8733756421519523,0.07309488923496232,-0.06732021836571,0.2545058441423915,-0.055512201215229595,1.3187345696138397,1.2200002670288086,actual,0.09873430258503113
2023-07-28,4581.96,13.08286520986687,13.329999923706055,0.38299286176164316,-0.9576996661415507,-0.09371881040421925,0.044131471411137824,-0.32920428268776725,0.07038205976490275,-0.8831163662958534,-1.0799999237060547,actual,0.19688355741020125
2023-07-31,4589.87,13.488037226373997,13.630000114440918,0.0011308744853106845,0.4613368765336361,0.030275621917418505,-0.010658657126013438,0.004124146870934098,-0.0249663577750745,0.46124250490621144,0.3000001907348633,actual,0.16124231417134816
2023-08-01,4576.94,13.689129644845696,13.930000305175781,0.037014295914506334,0.3279136039270938,0.0006894931089984624,0.015007133644084902,-0.015488472540528875,-0.002378374457117971,0.36275767959703664,0.3000001907348633,actual,0.06275748886217336
2023-08-02,4513.65,16.000395922456327,16.09000015258789,0.8468795544872147,1.983748032741497,0.06782560040661423,-0.07137915649732562,0.15523023994186502,-0.0989883220030876,2.8833159490767777,2.1599998474121094,actual,0.7233161016646683
2023-08-03,4501.06,16.355472891167004,15.920000076293945,0.04877900998054585,0.35664377800287284,0.02442509093669898,-0.02753649043030748,0.06793426169130967,-0.00937007412515456,0.4608755760559653,-0.1700000762939453,actual,0.6308756523499106
2023-08-04,4478.55,17.00627821250262,17.100000381469727,0.12761054444556308,0.22779100076783365,0.048784208425445286,-0.011930402695632836,0.23753216660437815,-0.03545043612425758,0.5943370814233297,1.1800003051757812,actual,-0.5856632237524515
2023-08-07,4518.31,15.653485103250308,15.770000457763672,0.25824751953956593,-1.1540459884090595,-0.03990240148713653,0.035236955411757975,-0.15330867048975172,0.018813044500268106,-1.0349595409343557,-1.3299999237060547,actual,0.295040382771699
2023-08-08,4499.08,15.907420406129877,15.989999771118164,0.10083800830194178,0.4830234991050375,0.03505003660409045,0.03733171690555892,-0.19228397856489465,-0.02022424494156283,0.4437350374101712,0.2199993133544922,actual,0.223735724055679
2023-08-09,4467.98,16.124244703730582,15.960000038146973,0.21596735922699395,0.6552293314053124,-0.01630887594136965,0.0070467230532926806,-0.19200359876323603,-0.010614510101770946,0.6593164288792224,-0.029999732971191406,actual,0.6893161618504138
2023-08-10,4469.23,15.706035642571353,15.850000381469727,-0.0014699185941218218,-0.4233578885901821,0.0013149072114586602,0.015027580988160594,0.031142491552946794,0.004655623669743036,-0.3726872037619948,-0.1099996566772461,actual,-0.26268754708474873
2023-08-11,4463.76,14.716345851141147,14.84000015258789,0.009431797097876782,-0.8157277068142097,-0.010316970372230116,0.012543629016670721,-0.0624995818116858,0.014698012892141676,-0.8518708199914364,-1.010000228881836,actual,0.1581294088903995
2023-08-14,4489.99,14.767998118555015,14.819999694824219,0.09691891478992964,-0.09909258220776529,-0.01498266340801635,0.017134604645237417,0.14910596049401548,0.014369631134211858,0.16345386544761276,-0.020000457763671875,actual,0.18345432321128463
2023-08-15,4438.11,16.296765671822296,16.459999084472656,0.5987349830943121,1.6065053424508058,0.028001966429972214,-0.0025199660313930394,-0.0073839968592785965,-0.0017360692978201087,2.2216022597865983,1.6399993896484375,actual,0.5816028701381608
2023-08-16,4404.07,16.692550499079406,16.780000686645508,0.26319689941006885,0.5900422762262814,-0.014284920274736379,-0.025271412726318943,-0.10113337377817189,-0.012353996201699857,0.7001954726554231,0.32000160217285156,actual,0.3801938704825716
2023-08-17,4369.74,17.593703737383347,17.889999389648438,0.23241105929398387,0.8795016968660114,0.010643670079247158,-0.004505948898749779,0.04726942295326708,-0.02728929273384395,1.1380306075599158,1.1099987030029297,actual,0.02803190455698612
2023-08-18,4370.44,17.013581157561898,17.299999237060547,-0.00041285352656217356,-0.5939781312182433,-0.04000701423183628,0.024592214939929136,-0.07483823275907397,0.01768572663184642,-0.6669582901639401,-0.5900001525878906,actual,-0.07695813757604952
2023-08-21,4400.13,16.982577321403404,17.1299991607666,0.1147422292525846,-0.06818234476888207,0.015051201805384551,0.008357651608420724,-0.00790839351846273,0.0017668791520755178,0.06382722353112058,-0.1700000762939453,actual,0.2338272998250659
2023-08-22,4387.69,17.031230123554174,16.969999313354492,0.03434630775812053,0.12386157374509921,-0.027134702470267058,0.009088870692561812,-0.1273994903050486,-0.0007859178963229851,0.011976641524142906,-0.15999984741210938,actual,0.17197648893625228
2023-08-23,4436.39,16.019393791440002,15.979999542236328,0.48109947179859347,-1.1309314522128702,0.05243821450493158,0.013383032660168936,0.08952080805400442,0.03759273302179622,-0.45689719217337554,-0.9899997711181641,actual,0.5331025789447885
2023-08-24,4375.7,16.94234219774072,17.200000762939453,0.8124401272174246,1.1025626609332093,-0.013529323775895108,-0.032499908609501915,-0.073492526443804,-0.04956852755262631,1.7459125017688066,1.220001220703125,actual,0.5259112810656816
2023-08-25,4405.65,15.402281896747622,15.680000305175781,0.137296535577768,-1.633502017855065,0.03052818750045283,0.025471406891318438,0.06297578214548594,0.041752533981046724,-1.335477571758993,-1.5200004577636719,actual,0.1845228860046788
2023-08-28,4433.62,15.038645785211271,15.079999923706055,0.122500301654906,-0.35996449467424796,-0.03706635836802086,0.02983847975081666,0.058477419648950146,0.0265430999964007,-0.15967155199119532,-0.6000003814697266,actual,0.44032882947853125
2023-08-29,4497.7,14.395769330067996,14.449999809265137,0.8987782409102945,-0.6653428605107532,-0.06872991705793474,0.009680920282677974,0.10615626875247486,0.0514941632998589,0.33203681567661825,-0.630000114440918,actual,0.9620369301175362
2023-08-30,4515.48,13.850400321804212,13.880000114440918,-0.1633827023459613,-0.9727331334199079,0.06831471951935697,0.08512514237377644,0.16150097540455022,0.05904516407097837,-0.7621298343972072,-0.5699996948242188,actual,-0.1921301395729884
2023-08-31,4509.2,13.442304344593675,13.569999694824219,0.010004511342140532,-0.37339695176037324,-0.02076904463543805,-0.0009932925580855567,-0.0394000033646531,-0.0009133848519482513,-0.42546816582835767,-0.3100004196166992,actual,-0.11546774621165845
2023-09-01,4516.02,12.803128594819832,13.09000015258789,0.003280509744858051,-0.6713669542906562,0.027897247942066272,-0.0065781972337592975,0.09877546802954917,-0.005744798239961213,-0.5537367240479032,-0.4799995422363281,actual,-0.07373718181157507
2023-09-05,4496.38,13.840936223139291,14.010000228881836,0.1142170856269864,1.1809406187567255,-0.01418756433621482,0.001264960508059687,-0.08165230580751093,-0.05284580169263364,1.1477369930554122,0.9200000762939453,actual,0.2277369167614669
2023-09-06,4465.78,14.323186187828432,14.449999809265137,0.23830142304871416,0.562872977880783,0.07102880240581477,-0.02831368795159861,0.013032010582435305,-0.04567455199994974,0.8112469739661989,0.4399995803833008,actual,0.37124739358289816
2023-09-07,4451.82,14.271313486837606,14.399999618530273,0.0705273439470524,0.21518868616908193,-0.03813941585316272,-0.02260127353871688,-0.1284596089340475,-0.012589934828975302,0.08392579696123192,-0.05000019073486328,actual,0.1339259876960952
2023-09-08,4457.83,13.671976856535947,13.84000015258789,0.005740118644570913,-0.8597917600403076,0.014358110851992123,0.045664115984891396,0.07917870786791426,0.04656132116931566,-0.6682893855216232,-0.5599994659423828,actual,-0.10828991957924039
2023-09-11,4487.73,13.653851312733387,13.800000190734863,0.15600352502349146,-0.12485863472719316,-0.03572963857222966,0.029303160035265563,-0.016961534254772204,0.024584601395721606,0.032341478900283605,-0.039999961853027344,actual,0.07234144075331095
2023-09-12,4461.94,14.247841419031118,14.229999542236328,0.16863568221907244,0.7642167803785931,0.025756646884389056,-0.021741297136859572,-0.017154152574047288,-0.019756926204298253,0.8999567335668495,0.42999935150146484,actual,0.4699573820653846
2023-09-13,4467.77,13.527687805477044,13.479999542236328,-0.0021237433999985456,-0.7925499829040756,-0.009812537056792081,0.027392303837261878,0.02219277045994872,0.029183966035091657,-0.725717223028564,-0.75,actual,0.024282776971435993
2023-09-14,4505.26,12.799516149508566,12.819999694824219,0.2786286426641098,-1.2945683757082023,0.03989441564910301,0.03590148502502544,0.18129167938176494,0.05036125571169947,-0.7084908972764996,-0.6599998474121094,actual,-0.048491049864390234
2023-09-15,4449.99,13.747644416214113,13.789999961853027,0.7732755267821005,1.2715639863959876,-0.0261780439404653,-0.0595664945791885,-0.0878570316362044,-0.07314848252215,1.79808946050008,0.9700002670288086,actual,0.8280891934712713
2023-09-18,4453.66,13.959638047021128,14.0,-0.009088665675088592,0.42202601514066984,0.022135178511426545,0.004063795097374978,-0.09857649739984353,-0.010706502426112152,0.3298533232484271,0.21000003814697266,actual,0.11985328510145443
2023-09-19,4444.15,14.159635702734407,14.109999656677246,0.023999224576643385,0.18575880155239233,-0.007597560284786198,0.041654690495317226,-0.1338972460322818,0.0016518678830159672,0.1115697781903009,0.1099996566772461,actual,0.0015701215130548007
2023-09-20,4401.93,14.922447765280026,15.140000343322754,0.5409157912134805,1.0595336236445263,-0.05276985365179776,-0.04650960294239681,-0.10626260011863664,-0.031671825216372795,1.3632355329288028,1.0300006866455078,actual,0.333234846283295
2023-09-21,4329.76,17.06823175936404,17.540000915527344,1.1298097075209732,2.2743446990851126,-0.014986782065872006,-0.058758469619263565,-0.04469107592654353,-0.08130211486925631,3.2044159641251504,2.40000057220459,actual,0.8044153919205606
2023-09-22,4321.33,16.911639982748277,17.200000762939453,0.02285737316814007,-0.24093287965887455,0.01939775558646062,0.011607967466432001,0.009639487008858083,-0.004040416709987227,-0.181470713138971,-0.3400001525878906,actual,0.15852943944891962
2023-09-25,4337.98,16.652846428022364,16.899999618530273,0.040064281385326694,-0.1415755676770516,0.03017757126273679,0.029137354917796898,-0.11048696006979242,0.019346106752333725,-0.1333372134286499,-0.3000011444091797,actual,0.16666393098052978
2023-09-26,4273.67,19.068887878462924,18.940000534057617,0.979835439586985,2.2928398343183574,-0.03875135857425249,-0.013456774474875033,0.05701951431447938,-0.047391188771598536,3.2300954663990957,2.0400009155273438,actual,1.190094550871752
2023-09-27,4274.72,18.38721009236676,18.219999313354492,-0.0009450540421909182,-0.5018859240758857,-0.028531600458876483,0.00937731688782506,-0.13912001330056256,0.010116232342859632,-0.650989042646831,-0.720001220703125,actual,0.069012178056294
2023-09-28,4299.14,17.174604973247177,17.34000015258789,0.10435543783181345,-1.1382399822449543,-0.0058552863102754316,0.01920710499844347,-0.02610267795423482,0.037805072416446706,-1.008830331262761,-0.8799991607666016,actual,-0.12883117049615933
2023-09-29,4286.6,17.19590957531399,17.520000457763672,0.04080960211215512,0.2114903976639937,-0.041840058454912565,-0.011930717635259214,-0.06018048002693632,-0.0313095882447989,0.1070391554142418,0.18000030517578125,actual,-0.07296114976153945
2023-10-02,4288.24,17.590459856597185,17.610000610351562,-0.0024498318146122244,0.5649864260408073,0.005034412501281338,0.010697355554398769,-0.1551852222113368,-0.002217064694818305,0.4208660753757201,0.09000015258789062,actual,0.33086592278782945
2023-10-03,4230.29,19.893552341643858,19.780000686645508,0.7209446997023612,2.2951609806988778,-0.04825637542064953,0.0033069498849727097,0.08317972101426463,-0.03776547772529426,3.0165704981545325,2.1700000762939453,actual,0.8465704218605872
2023-10-04,4265.1,18.39148255980171,18.579999923706055,0.1602184074187356,-1.5712835735215513,0.0478978330805333,0.02738211349448605,0.00819664946110521,0.028994219335107374,-1.2985943507315838,-1.2000007629394531,actual,-0.09859358779213068
2023-10-05,4258.25,18.2188359947175,18.489999771118164,0.010150165568742153,-0.23496996469549103,-0.0016011964840103587,0.007492565974260401,0.04565819748406241,0.010637247413917805,-0.16263298473851862,-0.09000015258789062,actual,-0.07263283215062799
2023-10-06,4307.68,17.213295258141013,17.450000762939453,0.3642667703557336,-1.0309595296824376,0.005664659222176738,0.03625185346466964,0.01866350560594654,0.05103346246463758,-0.5550792785692735,-1.039999008178711,actual,0.4849197296094374
2023-10-09,4334.89,17.60575767976431,17.700000762939453,0.1218490443913538,0.019578820801889663,0.056783348668641764,-0.02186666417415495,0.1926087282873894,-0.01388950944967604,0.35506376852544363,0.25,actual,0.10506376852544363
2023-10-10,4358.63,17.029858256731664,17.030000686645508,0.09267983766812549,-0.8678816187417198,0.023846455322040327,0.06723260519696694,0.2636647274152786,0.03006388978979402,-0.3903941033495144,-0.6700000762939453,actual,0.2796059729444309
2023-10-11,4376.78,16.3040093920538,16.09000015258789,0.03465441491189125,-0.829934420402143,0.04472731388409912,-0.005534678034738505,0.09855896966777067,0.0036414168320924034,-0.6538869831410281,-0.9400005340576172,actual,0.2861135509165891
2023-10-12,4349.45,16.662472784317494,16.690000534057617,0.1661882299391948,0.29445098964973226,0.027070880258204255,-0.04866103994227444,0.10064032689798452,-0.04580031535222062,0.4938890714506208,0.6000003814697266,actual,-0.10611131001910579
2023-10-13,4327.02,19.002310006819233,19.31999969482422,0.12327239026265957,1.8313694622508336,0.10573724132622075,-0.06507723328192583,0.2351711492215358,-0.06153193277533475,2.168941077003989,2.6299991607666016,actual,-0.46105808376261237
2023-10-16,4371.8,17.2349348842642,17.209999084472656,0.27705125944588715,-1.4813406982247876,-0.0341640561711003,0.03257891984709005,-0.16295629090542363,0.05338640812272999,-1.3154444578856044,-2.1100006103515625,actual,0.7945561524659581
2023-10-17,4373.23,17.84697012509776,17.8799991607666,-0.0042554615264123186,0.524586041850128,0.027598444543826872,-0.014818455358550864,0.1250561199428617,-0.03390740417223981,0.6242592852796136,0.6700000762939453,actual,-0.045740791014331705
2023-10-18,4314.09,19.59076163320778,19.219999313354492,0.699713497040424,1.8536061269939026,-0.0004121695342291787,-0.023848295613259296,-0.050201459556880934,-0.05468189499529785,2.4241758043346593,1.3400001525878906,actual,1.0841756517467687
2023-10-19,4277.9,20.750243692274235,21.399999618530273,0.24498724768059787,1.2738015056810106,-0.01342697308875529,-0.0015326405615674332,-0.039156640772453954,-0.04954513042541819,1.4151273685134136,2.1800003051757812,actual,-0.7648729366623677
2023-10-20,4223.52,21.188051016744087,21.709999084472656,0.5603799459012926,0.5084043494375052,-0.037572996365238254,0.024911787824482445,-0.06810454756947237,0.01727571660250149,1.0052942558310711,0.3099994659423828,actual,0.6952947898886883
2023-10-23,4216.85,20.773385821185343,20.3700008392334,0.01070640333479389,0.08474596109614296,-0.07144750070595052,0.004173900775754191,-0.211747353203954,0.0025306554502186884,-0.18103793325299478,-1.3399982452392578,actual,1.158960311986263
2023-10-24,4247.7,19.11885962219514,18.969999313354492,0.1297231090731117,-1.7081975295278902,0.014937978683224884,0.03637050885523507,-0.015188874510851491,0.041535703317460815,-1.5008191041097092,-1.4000015258789062,actual,-0.10081757823080295
2023-10-25,4186.74,20.522325556007456,20.190000534057617,0.7087173756700054,1.4321408705897696,-0.024178786844732514,-0.00038494938358724085,-0.0427269998968427,-0.025559086309840495,2.048008423824772,1.220001220703125,actual,0.828007203121647
2023-10-26,4136.8,20.968296584419427,20.68000030517578,0.4325803978027629,0.6037899081540985,-0.048058667117519605,0.03211187627520928,-0.14894121228075718,0.018144942617634996,0.8896272454514289,0.48999977111816406,actual,0.39962747433326484
2023-10-27,4118.31,20.996264945442917,21.270000457763672,0.0858443913738256,-0.08418147430678857,0.031030012429152265,-0.00020753991109145886,0.016505434071259373,-0.003992253322323336,0.04499857033403387,0.5900001525878906,actual,-0.5450015822538568
2023-10-30,4166.56,19.56209675767435,19.75,0.37192833556828475,-1.1996049363183232,-0.04365283493763883,0.025814119238180666,-0.11003364778705205,0.056213229635552864,-0.8993357346009958,-1.5200004577636719,actual,0.6206647231626761
2023-10-31,4193.47,17.90331852183527,18.139999389648438,0.07725062499735813,-1.5325115175349957,0.007127547426382108,-0.005738562488609489,-0.016203298938791022,0.013010056428388594,-1.4570651501102674,-1.6100006103515625,actual,0.15293546024129512
2023-11-01,4237.6,16.862565766547966,16.8700008392334,0.3658864910994275,-1.2896021489092355,0.008941419831280939,0.0141715132095932,0.1188502232902593,0.042397243662261275,-0.7393552578164133,-1.269998550415039,actual,0.5306432925986257
2023-11-02,4317.96,15.494064979631547,15.65999984741211,1.0802217207916414,-1.5588896000643295,0.015107277972969513,0.01392432251284248,0.14600775830746926,0.047572679895733216,-0.2560558405836737,-1.210000991821289,actual,0.9539451512376154
2023-11-03,4358.2,14.83876522621211,14.90999984741211,0.1427078363307679,-1.100215570752324,0.04533019453210052,0.020023309830003555,0.13691119042066902,0.04426013722118505,-0.710982902417598,-0.75,actual,0.039017097582402016
2023-11-06,4367.05,14.6292017825978,14.890000343322754,0.0025014914510883557,-0.04654639373401892,-0.00584016698732448,0.0030897709912238724,-0.04906551425085759,-0.02276166128516266,-0.11862247381505142,-0.01999950408935547,actual,-0.09862296972569595
2023-11-07,4378.88,14.686751362377356,14.8100004196167,-0.014388259464576336,-0.03465247654011172,0.015762925260704108,0.0062174389709515054,0.055035525294961474,-0.01094987587898899,0.01702527764294004,-0.07999992370605469,actual,0.09702520134899473
2023-11-08,4383.09,14.427738111879732,14.449999809265137,-0.007569296703234585,-0.22039490161513164,-0.017316905981317632,0.012564867086464204,0.03299260445488983,0.013727991721815158,-0.18599564103651467,-0.3600006103515625,actual,0.17400496931504783
2023-11-09,4347.43,15.226679287910663,15.289999961853027,0.28219666451576053,0.8640061500091463,0.007414070764156122,-0.019659289964138793,-0.044712638689548,-0.03638891466836114,1.052856041967015,0.8400001525878906,actual,0.21285588937912436
2023-11-10,4415.26,13.917363332344419,14.170000076293945,0.8605412691393823,-1.4653747364274974,0.00029030961938047994,0.017430100491937495,0.1279399360039264,0.0479774364921326,-0.4111956846807381,-1.119999885559082,actual,0.708804200878344
2023-11-13,4411.21,14.801594611354968,14.760000228881836,0.009970576607178927,1.1948335340192795,-0.02492421532284972,0.0049857894849907325,-0.1527633308783365,-0.032334545034540696,0.9997678088757223,0.5900001525878906,actual,0.4097676562878316
2023-11-14,4496.43,14.272574955903107,14.15999984741211,1.253980603968948,-0.8295347087576523,-0.028007828650423505,0.04480362275011096,0.19064338691619476,0.08231380819663592,0.7141988844238139,-0.6000003814697266,actual,1.3141992658935404
2023-11-15,4503.53,14.02558360059646,14.180000305175781,-0.039310712700821426,-0.4314180755528536,0.040797827751653415,0.017944362407471104,0.09585856809263582,-0.0016414678659284476,-0.31776949786784314,0.020000457763671875,actual,-0.337769955631515
2023-11-16,4508.52,14.060105576643627,14.319999694824219,-0.00022186493403886232,-0.4431429128111244,0.031699491739869856,-0.0073037895369054695,0.18809035889195158,0.005872165998932033,-0.22500655065131525,0.1399993896484375,actual,-0.36500594029975275
2023-11-17,4513.7,13.595827323769614,13.800000190734863,-0.002512452398228504,-0.26447262801211835,0.0002066983596105132,0.005276306465670899,-0.013800954408566213,-0.003395658238979138,-0.2786986882326108,-0.5199995040893555,actual,0.24130081585674468
2023-11-20,4548.33,13.229104281151843,13.40999984741211,0.2185553749798661,-0.22090229723066201,-0.005226342300318265,0.022609852199980907,-0.09599314959296201,0.01620962174813556,-0.06474694019595972,-0.3900003433227539,actual,0.3252534031267942
2023-11-21,4538.33,13.239482503344496,13.350000381469727,0.03474031127176502,0.2148568852397048,-0.013240515182010526,-0.031150297125847715,-0.08983326094359612,-0.008894811015254689,0.10647831224476079,-0.05999946594238281,actual,0.1664777781871436
2023-11-22,4556.23,12.87774935272987,12.850000381469727,0.036497604521640525,-0.4292069320691887,0.0423018417190999,-0.013133661803152563,0.11640368476338914,-0.027752180278476146,-0.27488964314668785,-0.5,actual,0.22511035685331215
2023-11-24,4559.34,12.259819105952593,12.460000038146973,-1.7136177952181697e-05,-0.7454374850265069,0.011469255184609395,0.009535384305012329,0.04819107830403446,0.02029190681738946,-0.6559669965934134,-0.3900003433227539,actual,-0.2659666532706595
2023-11-27,4550.75,12.352889186015895,12.6899995803833,0.03626306820270209,0.11487482212797318,0.0035989031476528766,0.002970783467397098,0.04543231783462254,-0.004380796942999865,0.1987590978373479,0.22999954223632812,actual,-0.031240444398980216
2023-11-28,4554.83,12.463967780434109,12.6899995803833,-0.000370212461538344,0.0755451119960604,0.0244854373055432,0.008602420145681577,0.05734349690823137,-0.00014118744324420618,0.165465066450734,0.0,actual,0.165465066450734
2023-11-29,4550.28,12.982819025612654,12.979999542236328,0.02106019377879953,0.65912555018779,0.009530528386758164,-0.014722149517101712,-0.05008019444649392,-0.015296725386097165,0.6096172030036549,0.28999996185302734,actual,0.3196172411506275
2023-11-30,4568.79,12.702496545488925,12.920000076293945,0.059276125395447465,-0.2228301883818702,-0.006378454983691384,-0.004926399712113394,-0.02902142962662424,-0.004454739796319274,-0.208335087105171,-0.05999946594238281,actual,-0.1483356211627882
2023-12-01,4593.68,12.383149585343409,12.630000114440918,0.11274764713103202,-0.06931403272574599,-0.06662546208726106,0.031272963289977085,-0.14483199184663498,0.026802333400409495,-0.10994854283822342,-0.28999996185302734,actual,0.18005141901480393
2023-12-04,4569.87,12.629963452908502,13.079999923706055,0.16670528611141755,0.33858593994743735,0.007046685356383975,-0.001371700372173379,-0.004603235483221724,-0.014425786066352586,0.4919371894934912,0.4499998092651367,actual,0.04193738022835447
2023-12-05,4567.95,12.592172168926838,12.850000381469727,0.006487277609354081,0.27378788438948476,-0.08218833469692832,-0.010943638738034167,-0.13856411367136623,-0.0052283107302901755,0.043350764162219946,-0.22999954223632812,actual,0.27335030639854807
2023-12-06,4549.8,13.001295376936733,12.970000267028809,0.16070282857438478,0.28920037162487056,0.08755611600889068,0.005370293188539321,0.030983752660196373,-0.005470892588208542,0.5683424694686732,0.11999988555908203,actual,0.44834258390959114
2023-12-07,4585.0,12.893679408011192,13.0600004196167,0.22021609321827285,-0.1292008008331038,-0.01421973246947239,0.009729911775318456,-0.007896499395275924,0.010134117994821779,0.08876309029056095,0.09000015258789062,actual,-0.0012370622973296719
2023-12-08,4604.03,12.159838240613617,12.350000381469727,0.055269780353475184,-0.8764248893384607,-0.019435584703101583,0.023768677342886235,0.04934177678328133,0.026126830305742033,-0.7413534092561775,-0.7100000381469727,actual,-0.031353371109204886
2023-12-11,4622.68,12.373173667968599,12.630000114440918,0.06001053133361012,0.21281771288676943,0.010345356630306668,-0.023492096149855257,0.017157819651735906,-0.017469449992843167,0.2593698743597237,0.2799997329711914,actual,-0.02062985861146771
2023-12-12,4643.59,12.033740545496336,12.069999694824219,0.05998366660635135,-0.5761603461614975,0.0021800634587396672,0.006143360472881554,0.187182949075261,0.005991703962791917,-0.314678602585472,-0.5600004196166992,actual,0.24532181703122724
2023-12-13,4706.41,12.188575435699992,12.1899995803833,0.9060196708742438,-0.041178890507122645,-0.03932184383234194,0.01692523123495704,-0.015941253648227516,0.06849706541160039,0.8949999795331092,0.11999988555908203,actual,0.7750000939740271
2023-12-14,4719.46,12.358322165265601,12.479999542236328,-0.01360287914000935,-0.17423610733012218,0.041187007397654796,-0.0187285195319582,0.14431036007517406,-0.0176988591811309,-0.03876899771039177,0.28999996185302734,actual,-0.3287689595634191
2023-12-15,4715.06,12.135195324306782,12.279999732971191,0.012822842525920919,0.006232287981422502,0.007846226894635322,-0.005222533628078452,-0.0046224347519281395,-0.013583211742952628,0.0034731772790195237,-0.19999980926513672,actual,0.20347298654415624
2023-12-18,4740.46,12.345594054011407,12.5600004196167,0.1147212663325412,0.39162093660110564,-0.0021768771212791194,0.004142604840410513,-0.05120386125645027,-0.011012822823738944,0.44609124657258903,0.2800006866455078,actual,0.16609055992708122
2023-12-19,4768.54,12.507069492429821,12.529999732971191,0.0771073521694845,0.24774530954162266,-0.02825365609766628,0.025079919481951762,0.03209352539245991,0.044211974782287555,0.3979844252701401,-0.030000686645507812,actual,0.4279851119156479
2023-12-20,4698.15,13.68535288939628,13.670000076293945,1.2936171903018838,1.0061544797779298,0.08194904883454868,-0.056818694771877176,0.13259778259299182,-0.08650828895885532,2.3709915177766216,1.140000343322754,actual,1.2309911744538677
2023-12-21,4747.03,13.397985961908107,13.649999618530273,0.3802255052757104,-0.21038767522882829,-0.047168050809442974,0.017770053990084023,-0.08104766444941269,0.016257652307613668,0.07564982108572416,-0.020000457763671875,actual,0.09565027884939603
2023-12-22,4755.11,12.855541881329028,13.029999732971191,0.01243652935196593,-0.3731361184836981,-0.021567661445226705,0.00193100203578922,-0.03894726539928861,-0.017399953706247473,-0.43668346764670574,-0.619999885559082,actual,0.1833164179123763
2023-12-26,4774.94,12.932351940045066,12.989999771118164,0.04534460202255808,0.11756321343620968,0.002442440178901606,-0.008800340541773366,0.027219711913433642,-0.028332059212329952,0.1554375677969997,-0.039999961853027344,actual,0.19543752965002703
2023-12-27,4782.5,12.336564495770835,12.430000305175781,-0.010511022672769599,-0.6634321066427216,0.020631951303458962,0.00830051354428285,0.021775603528556786,0.022214438024070304,-0.6010206229151223,-0.5599994659423828,actual,-0.04102115697273945
2023-12-28,4783.83,12.300004849434615,12.470000267028809,-0.0017002684755382802,-0.030849171219793803,-0.01211844024109432,0.014215961964092472,-0.042547665186935646,0.00481272959537371,-0.06818685356389587,0.039999961853027344,actual,-0.10818681541692321
2023-12-29,4772.17,12.087059426853997,12.449999809265137,0.050279840391230124,-0.14763487062427139,0.00906662928285229,-0.02544904124520997,-0.012019701956752726,-0.022539454719602503,-0.14829659887175417,-0.020000457763671875,actual,-0.1282961411080823
