date,SPX,VIX_computed,VIX_actual,delta_VIX,delta_vix_source,F1,F2,F3,F4,F5,F6,sum_factors,residual
2023-01-04,3853.39,22.088689537787356,22.010000228881836,,,,,,,,,,
2023-01-05,3808.19,22.399087612925506,22.459999084472656,0.4499988555908203,actual,0.5282645612545629,-0.2315415205153215,2.0839872881595056e-05,-0.000444142562702865,0.0,0.0007925799381709453,0.29709231798759106,-0.15290653760322925
2023-01-06,3894.2,20.79782502166606,21.1299991607666,-1.3299999237060547,actual,-1.1165794215632623,-0.715630062982008,-0.0020881992010153283,0.0023366941112108464,8.381503961274461e-05,8.969542142978071e-05,-1.8317874791740323,-0.5017875554679776
2023-01-09,3892.52,21.660383990867686,21.969999313354492,0.8400001525878906,actual,0.2491681430567212,0.5717191922192768,0.0013121733095893262,-0.000628499063807908,0.007681201430859375,0.0031165701114801436,0.8323687810641189,-0.007631371523771691
2023-01-10,3919.78,20.57682418695714,20.579999923706055,-1.3899993896484375,actual,-0.3501957679046299,-0.6334610826964067,-0.0004390944956931264,-0.00968929552245612,0.0005582639298538083,-0.017272891005866597,-1.0104998676951986,0.3794995219532389
2023-01-11,3969.31,21.135321500914973,21.09000015258789,0.5100002288818359,actual,-0.6090866552792953,0.990055243766097,-0.00029091864912089704,0.0,0.0,0.0,0.3806776698376808,-0.12932255904415513
2023-01-12,3982.87,18.633958522238462,18.829999923706055,-2.260000228881836,actual,-0.24097455900374598,-2.353220493490852,-0.00042597466545757356,0.0008626405328833187,0.0022678074748903043,0.0,-2.591490579152282,-0.33149035027044604
2023-01-13,3998.71,17.696987066758165,18.350000381469727,-0.4799995422363281,actual,-0.17603391132334067,-1.0189776782326874,0.001518864727540148,-0.0012705105962851349,0.0,0.0,-1.194763235424773,-0.7147636931884449
2023-01-17,3990.4,19.493348693993877,19.360000610351562,1.010000228881836,actual,0.08768274282400768,1.5769788797659068,-3.693380222813403e-05,-0.004834962511889529,-1.5295766630174512e-05,-0.018041116106640942,1.6417333144025257,0.6317330855206897
2023-01-18,3928.85,20.237949418902648,20.34000015258789,0.9799995422363281,actual,1.0798679423738378,-0.31048126886173577,0.0035333716917911318,0.0024375136219383364,-0.004830343602996834,0.0,0.7705272152228346,-0.2094723270134935
2023-01-19,3899.16,20.462138674826768,20.520000457763672,0.18000030517578125,actual,0.6010016462379859,-0.37663075886010944,0.002800787812148542,0.00024966823684735573,0.00078456523148418,0.0005866340589619767,0.22879254271731853,0.048792237541537276
2023-01-20,3971.98,19.68955334097582,19.850000381469727,-0.6700000762939453,actual,-1.11801023035299,0.2874834511343316,-0.0017611804483728122,4.182191582202677e-05,0.000998812534650284,0.0,-0.8312473252165589,-0.16124724892261355
2023-01-23,4019.36,19.531152128498324,19.809999465942383,-0.04000091552734375,actual,-0.8126275446267144,0.31654394923960893,0.00011681652559047961,0.0006212900773689967,0.003943230508767215,-0.0014714631258705424,-0.4928737214012493,-0.45287280587390555
2023-01-24,4016.84,19.26842861072652,19.200000762939453,-0.6099987030029297,actual,0.0,-0.20212291465886878,0.00043491992420285897,-0.01241482414306816,0.0015571191815588747,0.00032017401140649326,-0.2122255256847687,0.397773177318161
2023-01-25,4016.22,19.09969819322221,19.079999923706055,-0.12000083923339844,actual,-0.011102868636420737,-0.10616920790828033,-0.000589373839780194,0.0,0.0,0.0,-0.11786145038448126,0.0021393888489171786
2023-01-26,4060.18,18.591030385098957,18.729999542236328,-0.35000038146972656,actual,-0.5191933149312327,0.2503852036387073,-0.000655538762760699,-0.0038866769671415113,0.0,0.0,-0.27335032702242756,0.076650054447299
2023-01-27,4070.02,18.08712128214662,18.510000228881836,-0.2199993133544922,actual,-0.19444641606753876,-0.2886124485979771,-0.0002522494929664276,-0.0006735591909148297,0.0,0.0,-0.4839846733493971,-0.2639853599949049
2023-01-30,4018.18,19.731899264497525,19.940000534057617,1.4300003051757812,actual,0.6560448971727944,0.9743475730538442,-0.0008989223603919072,-0.000508251064168519,-0.004421025017492752,-0.003263602412467037,1.6213006693721184,0.1913003641963371
2023-01-31,4077.16,19.201844574096892,19.399999618530273,-0.5400009155273438,actual,-0.9003665508709418,0.11565155747298306,0.002210368390144879,-0.006598409917348391,0.02951473182448794,-0.018309729820575882,-0.7778980329212501,-0.2378971173939064
2023-02-01,4119.88,18.15020889740011,17.8700008392334,-1.529998779296875,actual,-0.71219100396927,-0.43279467845626485,0.000628168687413222,0.0,0.004411965727438627,0.0,-1.139945548010683,0.39005323128619196
2023-02-02,4180.26,18.101386654561512,18.729999542236328,0.8599987030029297,actual,-0.8466495944084809,0.44295131666697074,0.0007512682350316879,0.0,0.003471172388110233,-0.0037538597151751674,-0.40322969683354337,-1.263228399836473
2023-02-03,4136.27,17.976949677155286,18.329999923706055,-0.39999961853027344,actual,0.565733595808533,-0.4161626862967456,-0.001602101409062584,0.002218581985680146,-0.0038868041753126192,0.012663614166182668,0.15896420007927503,0.5589638186095485
2023-02-06,4111.02,18.94856754385451,19.43000030517578,1.1000003814697266,actual,0.3542666872087761,0.7258787946815097,-0.002019619778433679,-0.0027203123927321826,-0.004044995837794829,-0.003591682866851187,1.067768871014474,-0.03223151045525263
2023-02-07,4163.74,18.1483886858209,18.65999984741211,-0.7700004577636719,actual,-1.0411258617187134,0.18360690693237025,-0.0020651432847991202,-0.0075948126837133145,0.004809684400026271,-0.023715396674912625,-0.8860846230297419,-0.11608416526607002
2023-02-08,4118.33,19.645351943765448,19.6299991607666,0.9699993133544922,actual,0.6489862097679406,0.8417577543062897,-0.0003850414993316065,-0.002024597622572344,0.0,-0.04942001591865619,1.4389143090336702,0.46891499567917805
2023-02-09,4081.89,20.51956444209116,20.709999084472656,1.0799999237060547,actual,0.7541625305780251,0.4077145664379067,-0.00013137581892763706,0.00043026415636759907,0.0,0.0,1.1621759853533717,0.08217606164731706
2023-02-10,4090.54,20.031695000254732,20.530000686645508,-0.17999839782714844,actual,-0.2746470088444646,-0.07694125573733146,-0.0017663256263986682,-0.00027377326852473516,-0.0053619907211910345,0.0004063742679711879,-0.3585839799299393,-0.17858558210279085
2023-02-13,4137.71,20.60120427724511,20.34000015258789,-0.1900005340576172,actual,-0.7370098550332145,1.0160029493172793,0.0008573068990251898,-0.0010764230235551508,0.008476690294635603,-0.005250689001517372,0.2819999794526531,0.4720005135102703
2023-02-14,4136.02,18.917296373396358,18.90999984741211,-1.4300003051757812,actual,-0.16562039917896954,-1.5046023833170885,0.000855732719539759,-0.007910154452009266,0.006790561706079501,-0.00018155221722082615,-1.6706681947396689,-0.24066788956388763
2023-02-15,4148.11,18.119502057136895,18.229999542236328,-0.6800003051757812,actual,0.0,-0.611410155797536,0.001346726112046781,0.0,0.0,0.0,-0.6100634296854892,0.06993687549029204
2023-02-16,4090.92,19.753003329101844,20.170000076293945,1.9400005340576172,actual,0.8955890575244041,0.25786297900156896,0.001145927471426944,-0.0003865095776447447,0.0,0.0,1.1542114544197553,-0.7857890796378619
2023-02-17,4079.42,19.230181404420225,20.020000457763672,-0.14999961853027344,actual,0.3158801008951464,-0.5014468503031821,-0.000572468548242,0.0004106290495293763,0.0,0.0,-0.18572858890674837,-0.03572897037647493
2023-02-21,3997.57,23.03373564460237,22.8700008392334,2.8500003814697266,actual,1.4182138443493955,2.158015946162287,0.002250842236339423,-0.0008552839693827252,-0.006414800503527829,-0.0009372336072566156,3.5702733146678547,0.7202729331981281
2023-02-22,3991.88,22.404338636804795,22.290000915527344,-0.5799999237060547,actual,0.20705706494257825,-0.6728361526527245,0.0022373566219471286,0.0001880739005954979,-0.002277890031397334,-0.005095918271049271,-0.4707274654900502,0.10927245821600451
2023-02-23,4012.14,20.997151225040618,21.139999389648438,-1.1500015258789062,actual,-0.3958760122452958,-0.8461208266644604,-0.0007250985625368855,0.0,0.0,0.0,-1.242721937472293,-0.09272041159338684
2023-02-24,3970.42,21.310470301240734,21.670000076293945,0.5300006866455078,actual,0.7682184238697509,-0.33155940113476845,-0.0002421779951369274,0.004372061901356972,0.0,0.0,0.4407889066412025,-0.0892117800043053
2023-02-27,3982.38,20.804784613749312,20.950000762939453,-0.7199993133544922,actual,-0.15400365049086062,-0.19285641157582845,-0.0017351135877525792,-0.001813667939586594,-0.0019172537028175896,0.0005619959159020027,-0.3517641013809438,0.36823521197354836
2023-02-28,3969.12,20.274546283803502,20.700000762939453,-0.25,actual,0.0,-0.5989973740844405,0.0004954180170031464,0.00717977299531114,-0.001995711691758828,0.011474076327960603,-0.5818438184359245,-0.3318438184359245
2023-03-01,3952.01,20.657471701493765,20.579999923706055,-0.12000083923339844,actual,0.4717808290333281,0.2878951767409319,-0.0023578013585279223,-0.00021729991205532428,0.0,0.0,0.7571009045036767,0.8771017437370752
2023-03-02,3980.73,19.621915620708744,19.59000015258789,-0.9899997711181641,actual,-0.5398409624675757,-0.4253302419113538,-0.0006848660016629537,0.0,0.0,0.0,-0.9658560703805925,0.02414370073757155
2023-03-03,4046.21,18.388153145574478,18.489999771118164,-1.1000003814697266,actual,-1.02988454094697,-0.4770479647375474,0.0,0.0,0.0,0.0,-1.5069325056845173,-0.40693212421479075
2023-03-06,4048.46,18.639238911655536,18.610000610351562,0.12000083923339844,actual,0.0,-0.06145920054689924,0.003399630202860493,-0.00800394768985413,0.00965266099894535,0.02593773514466946,-0.030473121890278065,-0.1504739611236765
2023-03-07,3986.51,19.589866054416163,19.59000015258789,0.9799995422363281,actual,1.0832870387118767,0.14626694541628638,-0.0029034981425972717,-0.002027052831675036,-0.004331910258127181,-0.030236976799056237,1.1900545460967074,0.21005500386037923
2023-03-08,3992.41,19.055237434271575,19.110000610351562,-0.4799995422363281,actual,0.0,-0.4195373058979719,0.0005520151883189328,-0.00016697785343566807,0.00013624023024405574,0.0003384919467457337,-0.41867753638609884,0.06132200585022929
2023-03-09,3918.94,22.06335780321812,22.610000610351562,3.5,actual,1.0549749007839075,1.581383370927277,0.0,0.00014449734163335393,0.0,0.0,2.636502769052818,-0.863497230947182
2023-03-10,3861.68,24.106047689576375,24.799999237060547,2.1899986267089844,actual,0.9383597294379342,0.19073537615734182,0.0,-0.006871173440039513,0.03177937981081769,-0.01843986956423649,1.1355634424018177,-1.0544351843071667
2023-03-13,3856.04,26.65593600523209,26.520000457763672,1.720001220703125,actual,0.0,2.5419204594130136,0.001577362809410232,-0.00047641505500095604,-0.014010166783545941,-0.002819345307290888,2.526191895076586,0.806190674373461
2023-03-14,3921.44,23.767259201242823,23.729999542236328,-2.7900009155273438,actual,-1.3125070952365903,-1.7268529138444002,-0.0008342435385273461,0.0012246379063114432,0.015610814428889341,-0.006042468471001428,-3.0294012687553185,-0.2394003532279747
2023-03-15,3893.21,26.14667366432509,26.139999389648438,2.4099998474121094,actual,0.5171215677874237,1.0171804133612454,0.0050711024091540935,-0.04623441116198279,0.038515638480088654,-0.05223135246465205,1.479422958411277,-0.9305768890008324
2023-03-16,3960.6,23.034087458281917,22.989999771118164,-3.1499996185302734,actual,-1.7552499011263727,-0.9970785878577217,-0.0017556241866572009,0.0,0.0,0.00046531605070043724,-2.753618797120051,0.39638082141022224
2023-03-17,3916.87,25.37152337871532,25.510000228881836,2.520000457763672,actual,1.0629400572959113,1.3494840312262788,0.0,0.0,0.0,0.0,2.41242408852219,-0.10757636924148173
2023-03-20,3951.77,24.089785780189203,24.149999618530273,-1.3600006103515625,actual,-0.7916749227225246,-0.44029866550684815,0.002459049864572904,0.001872996094071766,0.013678268881008648,0.0022414013078631,-1.2117218720818563,0.14827873826970617
2023-03-21,4003.76,21.747311362131335,21.3799991607666,-2.770000457763672,actual,-0.9388766807497682,-0.8714513754296611,-0.0017747778895795818,0.029960560750105003,-0.02544362221911456,0.017037312722241182,-1.7905485828157772,0.9794518749478947
2023-03-22,3936.17,21.94455982602784,22.260000228881836,0.8800010681152344,actual,0.8979380945982776,-0.3479817535309522,-0.008201433807474956,0.0029876950775005184,-0.006075772958613612,-0.03583652944291771,0.5028302999358196,-0.37717076817941475
2023-03-23,3947.86,22.30274154094624,22.610000610351562,0.35000038146972656,actual,-0.13153616778037502,0.2914017360142296,0.0,0.0,0.0,0.0,0.15986556823385456,-0.190134813235872
2023-03-24,3971.35,21.588401027413703,21.739999771118164,-0.8700008392333984,actual,-0.46277663677759406,-0.2800415497610764,-0.00044350652673941227,0.0,0.0,0.0,-0.7432616930654099,0.12673914616798854
2023-03-27,3978.63,20.515100809661572,20.600000381469727,-1.1399993896484375,actual,-0.21408486510706126,-0.5648934244757342,-0.0015211834203867625,-0.0007647603061364805,-0.009063711184357004,0.020691879995808904,-0.7696360644978668,0.3703633251505707
2023-03-28,3971.48,19.863631661060747,19.969999313354492,-0.6300010681152344,actual,0.22202877784312847,-0.558564383321503,-0.002899528969564358,0.004103028725722879,-0.015400092730686765,0.014746453516504943,-0.3359857449363979,0.2940153231788365
2023-03-29,4028.28,19.171067183569953,19.1200008392334,-0.8499984741210938,actual,-1.1744321910672824,0.41411684460438636,-0.0008292917388956766,-0.0034331833628371555,0.0009044342508666148,-0.028537850755093075,-0.7922112380688553,0.057787236052238455
2023-03-30,4050.95,18.808219565448685,19.020000457763672,-0.10000038146972656,actual,-0.5347716423941655,-0.07329278528069594,0.0,0.0,0.0,0.0,-0.6080644276748615,-0.5080640462051349
2023-03-31,4109.88,18.15570025142011,18.700000762939453,-0.31999969482421875,actual,-1.2011641506462034,0.5981399379525278,-0.0012103176154276696,-0.0012951583746705353,0.0,0.0,-0.6055296886837738,-0.285529993859555
2023-04-03,4123.95,18.2331106920903,18.549999237060547,-0.15000152587890625,actual,-0.39033170132745276,0.41234105168166657,-0.00040390864563732976,-0.013469130309200494,0.004755366078327938,0.0021091042442300534,0.015000781721933976,0.16500230760084023
2023-04-04,4101.15,18.837523027968775,19.0,0.4500007629394531,actual,0.5369110840269222,0.1264146013870615,0.0010012459400385865,-0.0023426598407318977,-0.006440152686430167,0.003423610574586178,0.6589677294014464,0.2089669664619933
2023-04-05,4090.1,19.084495819763788,19.079999923706055,0.07999992370605469,actual,0.18511680808265396,0.2790175402167492,-0.00035871094987172114,0.0,0.0,0.0,0.4637756373495314,0.38377571364347673
2023-04-06,4104.89,18.231098139132616,18.399999618530273,-0.6800003051757812,actual,-0.1944513251017952,-0.46451775132423734,-0.0001550951885533891,-0.0001371438787991508,0.0,0.0,-0.6592613154933851,0.02073898968239618
2023-04-10,4107.95,18.7958767196865,18.969999313354492,0.5699996948242188,actual,-0.19645575431821527,0.40886377032361665,0.0020828332820279627,0.0019005865820496126,0.011059567771646073,0.0011652133039170565,0.22861621694504208,-0.34138347787917667
2023-04-11,4109.33,19.171125358490922,19.100000381469727,0.13000106811523438,actual,-0.10140049047500099,0.2926146996073058,0.0013326413387169112,-0.00467167661485135,0.003835226338846809,-0.004396892136213637,0.18731350805880354,0.05731243994356916
2023-04-12,4092.83,19.156050805506524,19.09000015258789,-0.010000228881835938,actual,0.5693348391473059,-0.5955154291310052,0.0035544947633354695,0.0009467424625881904,0.015389580490378307,-0.008334020160589262,-0.014623792427986615,-0.0046235635461506774
2023-04-13,4146.58,17.758972122489364,17.799999237060547,-1.2900009155273438,actual,-1.1578658230604866,-0.31210985823321735,-0.0013824487351286052,0.0,0.0,0.0,-1.4713581300288325,-0.18135721450148878
2023-04-14,4137.54,16.863866001533665,17.06999969482422,-0.7299995422363281,actual,0.16653610177184675,-0.9375887606243456,0.0,0.0004715916956037347,0.0,0.0,-0.7705810671568951,-0.04058152492056699
2023-04-17,4151.72,16.845316421394323,16.950000762939453,-0.11999893188476562,actual,-0.1850725673106144,-0.10620069698714296,0.003215520606328681,-0.0006676860679739605,0.01824073390304548,-0.0009861653751492838,-0.27147086123150643,-0.1514719293467408
2023-04-18,4154.77,16.65734741231006,16.829999923706055,-0.12000083923339844,actual,-0.18699258910860728,-0.20130371240390943,0.005577014158717475,-0.0014866833694142656,0.024529427505513013,-0.011264825434377457,-0.37094136865207794,-0.2509405294186795
2023-04-19,4154.69,16.27790848137584,16.459999084472656,-0.37000083923339844,actual,0.25344379600408473,-0.4186341841242669,0.0018118817271854937,-0.0011842870716236575,0.003459542618614364,0.0,-0.16110325084600596,0.20889758838739247
2023-04-20,4129.75,17.131361228114905,17.170000076293945,0.7100009918212891,actual,0.5766951401560938,0.12979738141744335,0.000565019584428228,-0.0017613649403109832,0.0,0.0,0.7052961762176544,-0.004704815603634671
2023-04-21,4133.56,16.379980616372162,16.770000457763672,-0.39999961853027344,actual,0.0,-0.4835361055733962,0.0,0.000861259319947294,0.0,0.0,-0.4826748462534489,-0.08267522772317548
2023-04-24,4136.58,16.638576870263137,16.889999389648438,0.11999893188476562,actual,-0.27608293132154493,0.2288670083719726,0.0011723827356640015,0.00018389886196956695,0.0058982380150602864,8.159683523345507e-05,-0.03987980650164502,-0.15987873838641065
2023-04-25,4071.66,19.515941223507998,18.760000228881836,1.8700008392333984,actual,1.561869083421124,1.1668950060928616,0.009157281093312264,-0.002676962224548163,-0.000737982431722628,-0.014454931666747939,2.720051494284279,0.8500506550508806
2023-04-26,4056.51,18.961777917334455,18.84000015258789,0.07999992370605469,actual,0.5594370039835823,-0.6678614999173824,-0.0011308786958714734,0.00015891490989972112,-0.005745742321114022,0.003032106562141479,-0.1121100954787444,-0.19211001918479909
2023-04-27,4135.15,16.921695892666573,17.030000686645508,-1.8099994659423828,actual,-2.0626762514124497,-0.3106466062747,-0.0016920441792862562,-1.9452638134964673e-05,-0.0007564164854052535,-0.0006575393130141549,-2.3764483103029903,-0.5664488443606075
2023-04-28,4170.06,15.604654623778968,15.779999732971191,-1.2500009536743164,actual,-0.8796720661209356,-0.4623831295352474,-0.001393353191733837,0.0,0.0,0.0,-1.3434485488479169,-0.09344759517360046
2023-05-01,4167.33,15.526825637240977,16.079999923706055,0.3000001907348633,actual,0.0,-0.03908302539726627,0.0008812690703106085,0.0011198914966623619,0.006452388164815304,0.0,-0.030629476665477995,-0.3306296674003413
2023-05-02,4119.69,17.406186849621324,17.780000686645508,1.7000007629394531,actual,1.25674805999628,0.6492923458900624,0.0014261446811545397,0.0013269910963593645,-0.0005850297145322259,-0.000952899006817276,1.9072556129425067,0.20725485000305355
2023-05-03,4091.93,18.641509198441884,18.34000015258789,0.5599994659423828,actual,0.806934253082586,0.4700257838393558,0.0073574044716195885,-0.0021893003242645648,0.0,0.0016313604264617254,1.2837595014957586,0.7237600355533758
2023-05-04,4061.6,19.916371594050524,20.09000015258789,1.75,actual,0.8244796610067695,0.431623778296391,0.0005909701908706211,-0.000679629441972196,-0.00012846609450178903,0.0,1.2558863139575571,-0.4941136860424429
2023-05-05,4134.78,16.685944192659733,17.190000534057617,-2.8999996185302734,actual,-2.0075054934549357,-1.1175990908150943,-0.001226663263839356,2.633549870623142e-05,-0.0015466903313132718,-0.0018305410228087737,-3.129682143389285,-0.22968252485901175
2023-05-08,4137.75,16.787669648202044,16.979999542236328,-0.21000099182128906,actual,-0.29073181356721634,0.010241990906994403,0.0008087296455308035,-0.000483513949795622,0.008178014156673186,-0.0012869739937180213,-0.2732735668015316,-0.06327257498024252
2023-05-09,4119.35,17.60685743139242,17.709999084472656,0.7299995422363281,actual,0.5573499389565253,0.4265234253949348,-0.0005791182364802694,0.0005068033612865008,-0.006653100137555157,0.010626300024473068,0.9877742493631843,0.25777470712685613
2023-05-10,4137.47,16.904619272675273,16.940000534057617,-0.7699985504150391,actual,-0.5570357745192105,-0.39681835947365407,-9.190595562813542e-06,-0.00014139242669841678,0.0,0.0,-0.9540047170151258,-0.18400616660008673
2023-05-11,4130.59,16.522045403723897,16.93000030517578,-0.010000228881835938,actual,0.26349758686017744,-0.5169109957690097,0.0002716572689607233,-0.00010399139397065937,0.0,0.0010178578593809107,-0.25222788517446126,-0.24222765629262533
2023-05-12,4123.78,16.28208224417094,17.030000686645508,0.10000038146972656,actual,0.1564887522670091,-0.4353531112152069,4.103911502184587e-05,-0.00020777865646692817,0.0,0.0,-0.2790310984896429,-0.3790314799593695
2023-05-15,4137.24,17.21079178826643,17.1200008392334,0.09000015258789062,actual,-0.40978315394741216,0.853634110820547,0.0013085564005770323,-0.0006162499351098916,0.010828569095576057,-0.0033756453540867426,0.45199618708009126,0.36199603449220064
2023-05-16,4110.02,18.164132480688533,17.989999771118164,0.8699989318847656,actual,0.7499952219445696,0.360468249776444,-0.00021926924276272075,-0.0011157833401682637,-0.010490595584510487,0.00917914231036221,1.1078169658639343,0.23781803397916867
2023-05-17,4158.35,16.74108367963722,16.8700008392334,-1.1199989318847656,actual,-1.318024792931757,0.07937690892024385,-0.003185341424426724,-0.0043576106808487225,0.0,0.0,-1.2461908361167886,-0.12619190423202298
2023-05-18,4197.84,16.107518980787418,16.049999237060547,-0.8200016021728516,actual,-0.9664477279501664,0.22419749191352523,0.0015916708702476967,-0.0003675837579315555,0.0001286882391653421,-0.0011742102987071235,-0.7420716709838668,0.07792993118898472
2023-05-19,4191.97,16.44361910667857,16.809999465942383,0.7600002288818359,actual,0.0,0.07831437847262634,0.0,0.001346654770699729,0.0,0.0,0.07966103324332607,-0.6803391956385099
2023-05-22,4192.65,16.959114349383366,17.209999084472656,0.39999961853027344,actual,0.0,0.34464599205276336,0.002406476816481984,-0.0018622024746584032,0.015440247218428738,-0.0029740831039966054,0.3576564305090191,-0.04234318802125436
2023-05-23,4145.82,18.389050976831317,18.530000686645508,1.3200016021728516,actual,1.3971638441008416,0.1397857015638575,0.00037773404128671473,0.0009869727226323732,0.0008219331319345713,-0.004857943920825392,1.5342782416397274,0.2142766394668758
2023-05-24,4115.13,20.095400921193036,20.030000686645508,1.5,actual,0.854152451675187,0.535845392286177,0.0027131138679798994,-0.0004347479752233596,0.0,-0.0020020790629118324,1.3902741307912088,-0.10972586920879124
2023-05-25,4151.52,18.900783857419178,19.139999389648438,-0.8900012969970703,actual,-1.0151974539656923,-0.2667414946295672,-0.00031440225911794073,3.686342953557187e-05,0.0,0.0,-1.2822164874248418,-0.39221519042777153
2023-05-26,4205.04,17.69542041563775,17.950000762939453,-1.1899986267089844,actual,-1.376613875869861,0.06245176144830644,0.00030229062850750665,0.0,0.0,0.0,-1.313859823793047,-0.12386119708406262
2023-05-30,4205.47,17.42590210729652,17.459999084472656,-0.4900016784667969,actual,-0.1404945224919043,0.3051512069045774,-0.0030404539492501215,-0.0005030288137533034,-0.0028091892153021547,-0.006490733110290137,0.1518132793240774,0.6418149577908743
2023-05-31,4181.1,17.63700352573038,17.940000534057617,0.48000144958496094,actual,0.6384285308716162,-0.6021806208394693,0.0021604316111769606,0.0009918688862029512,0.0,0.0,0.0394002105295268,-0.44060123905543414
2023-06-01,4221.32,15.637698885735837,15.649999618530273,-2.2900009155273438,actual,-1.0234586934238923,-0.5698272054878455,-0.0015313180062896947,0.0,-0.0013239330370922175,0.0,-1.5961411499551197,0.6938597655722241
2023-06-02,4281.37,14.276723830765278,14.600000381469727,-1.0499992370605469,actual,-1.1852077675294659,0.29637920988471933,-0.0015480098943285725,0.0,-0.002543808021979288,0.0,-0.8929203755610544,0.15707886149949246
2023-06-05,4274.8,14.283094150444137,14.729999542236328,0.12999916076660156,actual,0.08517310706671388,-0.07283643245906468,0.0002684177968124146,0.0017697364953335182,0.0003195846884889164,0.003472296914360129,0.01816671050264418,-0.11183245026395738
2023-06-06,4283.47,13.70256732117651,13.960000038146973,-0.7699995040893555,actual,-0.1644299975449286,-0.4091772029527334,0.0028082699064260197,-0.0009786424287288042,0.003756111309613175,-0.010773321301666527,-0.5787947830120181,0.19120472107733733
2023-06-07,4268.17,13.928946950398846,13.9399995803833,-0.020000457763671875,actual,0.35507194424288,-0.17787247520040417,0.0008992289473539472,0.0022363522701933647,0.0,0.0,0.18033505026002317,0.20033550802369504
2023-06-08,4294.38,13.481541945221661,13.649999618530273,-0.28999996185302734,actual,-0.37159240179125774,-0.14245513599192883,0.0022269880012952825,-0.0006407558523093826,0.0,-0.0031875221586279423,-0.5156488277928286,-0.22564886593980127
2023-06-09,4299.49,13.484960694690123,13.829999923706055,0.18000030517578125,actual,-0.09199257884899126,0.055198593895228854,0.00021531926539886115,-0.00021498985418233474,0.0,0.0,-0.03679365554254588,-0.21679396071832713
2023-06-12,4339.77,14.66272088309341,15.010000228881836,1.1800003051757812,actual,-0.5807468610964719,1.5702096429332304,0.0027018185622473823,-0.006189213840718466,0.0011367704175899718,-0.021827311915689762,0.9652848450601876,-0.21471546011559361
2023-06-13,4369.3,14.521707979321272,14.609999656677246,-0.40000057220458984,actual,-0.2908115807835614,0.08697861149857467,-0.00047746173495966104,0.014896172842213673,0.008412740720601164,0.000779705690057142,-0.1802218117670744,0.21977876043751543
2023-06-14,4373.18,13.906570943227898,13.880000114440918,-0.7299995422363281,actual,0.12610327571259106,-0.2096924801391271,-0.0009668272696785607,0.0011427893586262172,-0.004236900623913797,-0.03992360677479567,-0.12757374973629787,0.6024257925000303
2023-06-15,4426.17,14.289794582432885,14.5,0.619999885559082,actual,-0.5657358985829131,0.8789751443733724,0.0031945400526005585,-0.003247203173520674,0.0028275867603060334,0.0,0.3160141694298453,-0.30398571612923675
2023-06-16,4410.8,13.30452468103628,13.539999961853027,-0.9600000381469727,actual,0.24518501098944867,-0.6960762931384696,-0.001418479528735972,0.002013953857300521,-0.0023584442257025273,0.0,-0.45265425204615894,0.5073457861008137
2023-06-20,4389.05,13.847304600968954,13.880000114440918,0.3400001525878906,actual,0.1590068727777325,0.3664391970202949,0.0004237424272943713,-0.000550977172515843,-8.434271892276968e-05,0.013741206906376036,0.5389756992402592,0.1989755466523686
2023-06-21,4365.45,13.115261353169478,13.199999809265137,-0.6800003051757812,actual,0.41095865426714795,-0.9389767518703973,0.0028192765751011706,0.00015671183432885982,0.0,0.0,-0.5250421091938193,0.15495819598196192
2023-06-22,4381.76,12.575400108065853,12.90999984741211,-0.28999996185302734,actual,-0.21997722376552176,-0.27193360884402296,3.494310282192714e-05,-0.0012751489535478555,0.0006898588320911614,0.0,-0.4924611796281795,-0.20246121777515214
2023-06-23,4348.45,12.926820896730383,13.4399995803833,0.5299997329711914,actual,0.507333626263268,-0.3268117039918259,0.0002536985163086314,0.0,0.0,0.0,0.18077562078775067,-0.34922411218344074
2023-06-26,4329.43,13.969588773295282,14.25,0.8100004196166992,actual,0.2012402123664252,0.3580532688942384,0.0029764260119193864,0.0014892968464419454,0.013109058727767575,0.004638059119344007,0.5815063219661365,-0.22849409765056272
2023-06-27,4378.07,13.729351066338735,13.739999771118164,-0.5100002288818359,actual,-0.7932898150611472,0.5752371042575071,0.0012669621453138546,-0.005292410450461915,0.02927432846994016,-0.010366075347725712,-0.2031699059865737,0.30683032289526224
2023-06-28,4377.51,13.434058940723014,13.430000305175781,-0.3099994659423828,actual,0.13874915867220494,-0.06072958841346754,-0.000798965221667558,-0.0009186555529563378,-0.0037049389611159,-0.048463637509504665,0.024133373013492943,0.33413283895587576
2023-06-29,4397.04,13.32094476619517,13.539999961853027,0.1099996566772461,actual,-0.29762492434549337,0.10720801766189325,0.0009995188586078285,-0.0009391091308668109,0.0009915776323481396,-0.0018682444448803182,-0.19123316376839128,-0.3012328204456374
2023-06-30,4450.23,12.961281192003081,13.59000015258789,0.05000019073486328,actual,-0.6909640058668192,0.2195442717169307,0.0015045640786048864,-0.0010028555658845306,0.0031810666176514957,-0.0008095360501787496,-0.46854649506969537,-0.5185466858045586
2023-07-03,4455.59,13.36077995979924,13.569999694824219,-0.020000457763671875,actual,-0.15293446504176877,0.4590354068740954,0.0008258307456330272,-0.0037222021501523983,-1.545573935146649e-05,-0.00289492192216656,0.3002941927662892,0.3202946505299611
2023-07-05,4446.65,14.153933214003612,14.180000305175781,0.6100006103515625,actual,0.11333152396459134,0.7373480232357643,0.0,-0.02100833731781826,-0.0016353332918352947,0.0,0.8280358765907021,0.2180352662391396
2023-07-06,4411.58,15.199370541744658,15.4399995803833,1.2599992752075195,actual,0.5147798120464397,0.08904724697511845,0.0010105403739846253,-0.0002806101051575638,0.0,0.0,0.6045569892903853,-0.6554422859171343
2023-07-07,4399.17,14.574414670065385,14.829999923706055,-0.6099996566772461,actual,0.36641463041235056,-0.7235812060665943,0.0,0.0012221858038490296,0.0,0.006372249219577242,-0.34957214063081743,0.26042751604642866
2023-07-10,4410.22,14.850826296499752,15.069999694824219,0.23999977111816406,actual,-0.24822935300631066,0.43608412802906926,0.0006403288876075663,-0.0010012662766953895,0.002243499599577703,-0.004623934285030273,0.1851134029482182,-0.054886368169945854
2023-07-11,4439.03,14.86648392680662,14.84000015258789,-0.22999954223632812,actual,-0.4329334367472075,0.47701577955016283,0.00018001812140688855,-0.002232451620843179,0.0055411476050242214,-0.01386485476816901,0.03370620214037423,0.26370574437670236
2023-07-12,4473.1,13.58328328604165,13.539999961853027,-1.3000001907348633,actual,-0.7415188076323016,-0.39998293944219476,-0.0010127410826008543,-0.09349315541856562,0.0007619933991485084,-0.03672412953445203,-1.2719697797109664,0.028030411023896917
2023-07-13,4509.62,13.456375003074703,13.609999656677246,0.06999969482421875,actual,-0.454982064694633,0.42825508571242743,0.0010006737413359446,0.0,0.0,0.0,-0.025726305240869607,-0.09572600006508836
2023-07-14,4506.4,13.157652732471133,13.34000015258789,-0.26999950408935547,actual,0.19561830044010975,-0.3724691946375174,-0.0009077970252651113,0.0,0.0,0.0,-0.17775869122267274,0.09224081286668273
2023-07-17,4522.64,13.486372023321746,13.479999542236328,0.1399993896484375,actual,-0.445236391753566,0.6587916422053883,-0.00036004670033840114,-0.011099632141927884,0.0035672832576967295,-0.017639597373893423,0.18802325749335935,0.04802386784492185
2023-07-18,4555.35,13.47243604352831,13.300000190734863,-0.17999935150146484,actual,-0.34683556189725095,0.38288194827518574,0.0007035164334183719,-0.08047425056073187,0.008015873975399046,-0.005879739921034854,-0.04158821369501453,0.1384111378064503
2023-07-19,4565.25,13.612572847936002,13.760000228881836,0.46000003814697266,actual,0.0,0.14304690429199063,0.003131222264022071,-0.0005101737783341775,0.012735357351317589,0.0,0.1584033101289961,-0.30159672801797655
2023-07-20,4536.2,13.837717549839576,13.989999771118164,0.22999954223632812,actual,0.44002803844879423,-0.3758086946921271,0.0,0.0,0.0,0.0,0.06421934375666716,-0.16578019847966097
2023-07-21,4535.89,13.35878444219675,13.600000381469727,-0.3899993896484375,actual,0.0,-0.3967159076880975,-0.0010377728480914783,0.0006861989457451756,0.0,0.0,-0.3970674815904438,-0.007068091942006305
2023-07-24,4554.96,13.637164377099037,13.90999984741211,0.3099994659423828,actual,-0.21019692253427458,0.36819210143477576,0.0021930281723729905,-0.0024016297242912543,0.016846922098203265,-0.009691599278271568,0.16494190016851462,-0.1450575657738682
2023-07-25,4567.3,13.875463838369754,13.859999656677246,-0.05000019073486328,actual,-0.12475369541711423,0.26202118598320645,0.005315163126729416,-0.001311598403638925,0.01880345684243423,-0.010749909340626473,0.14932460279099047,0.19932479352585375
2023-07-26,4567.72,13.266865899798862,13.1899995803833,-0.6700000762939453,actual,0.13989950289675512,-0.4899526577126654,-0.0003000391980094719,0.003183955994156662,-0.0025833763575189295,-0.027761071805507243,-0.37751368618278924,0.29248639011115607
2023-07-27,4537.82,14.448689998579567,14.40999984741211,1.2200002670288086,actual,0.4424158105365592,0.33683124789299335,0.00035139003044903916,0.0,0.00258783383652883,0.0,0.7821862822965304,-0.43781398473227817
2023-07-28,4581.96,13.08286520986687,13.329999923706055,-1.0799999237060547,actual,-0.6472495078365057,-0.1623652697822795,0.0,0.0,0.0,0.0,-0.8096147776187852,0.2703851460872695
2023-07-31,4589.87,13.488037226373997,13.630000114440918,0.3000001907348633,actual,-0.13591982740605246,0.4633517629264787,0.003018139433860867,-0.0019172245379266428,0.003273889581533851,-0.013346461618338523,0.3184602783795558,0.018460087644692535
2023-08-01,4576.94,13.689129644845696,13.930000305175781,0.3000001907348633,actual,-0.21518875415601535,0.47711164128635986,-0.009340051973442343,-0.01745987059213938,-0.01147959562554135,-0.059648872270692266,0.16399449666852917,-0.13600569406633412
2023-08-02,4513.65,16.000395922456327,16.09000015258789,2.1599998474121094,actual,1.049764027655785,0.6284041709724892,0.0,0.0012702473546148951,0.0004345930657532193,5.840426773850993e-05,1.6799314433163808,-0.4800684040957286
2023-08-03,4501.06,16.355472891167004,15.920000076293945,-0.1700000762939453,actual,0.5054726592357763,-0.16411567623439716,0.0009937113202518333,0.0,0.0018439152310030238,0.0,0.34419460955263403,0.5141946858465793
2023-08-04,4478.55,17.00627821250262,17.100000381469727,1.1800003051757812,actual,0.10783047061516093,0.05560527989654851,-0.00045132270865977375,0.0,-0.0009245738120533531,0.0,0.16205985399099632,-1.017940451184785
2023-08-07,4518.31,15.653485103250308,15.770000457763672,-1.3299999237060547,actual,-0.6957053217695943,-0.29977819024563956,0.0026584117881256475,0.004213962646424818,0.012491711428804564,-0.0017677749542208687,-0.9778872011060997,0.35211272259995496
2023-08-08,4499.08,15.907420406129877,15.989999771118164,0.2199993133544922,actual,0.1133485599728381,0.12092196397385813,-0.0002016328659060207,-0.008821087379955017,-0.004915583597922435,0.004155045388840151,0.2244872654917529,0.00448795213726072
2023-08-09,4467.98,16.124244703730582,15.960000038146973,-0.029999732971191406,actual,0.8147751499467528,-0.1468321759490081,-0.0013916315631874454,0.0030497652028280697,-0.015910445148298535,0.0,0.6536906624890868,0.6836903954602782
2023-08-10,4469.23,15.706035642571353,15.850000381469727,-0.1099996566772461,actual,0.10730618479051479,-0.35694840457644617,-3.321306344972186e-05,0.0006924373796977079,0.0,0.0008266098923783716,-0.24815638557730502,-0.13815672890005892
2023-08-11,4463.76,14.716345851141147,14.84000015258789,-1.010000228881836,actual,0.09649665457454049,-0.7623818988273552,-0.00036964427435037805,0.000518066723172339,0.0005303048231279917,0.0018114134105111646,-0.6633951035703536,0.34660512531148235
2023-08-14,4489.99,14.767998118555015,14.819999694824219,-0.020000457763671875,actual,-0.45329541896587777,0.34066123687762584,0.00039863482589552746,-0.0002726072294265691,0.002278181820363656,-0.001537664852531151,-0.11176763752395047,-0.0917671797602786
2023-08-15,4438.11,16.296765671822296,16.459999084472656,1.6399993896484375,actual,0.7600961361435132,0.5108853692731241,-0.0028506912691046438,0.0033114410692665075,-0.010367879691036919,0.02169226393041157,1.2827666394561739,-0.35723275019226364
2023-08-16,4404.07,16.692550499079406,16.780000686645508,0.32000160217285156,actual,0.757832962866205,-0.18645801262956319,-0.015614810553120861,0.00013217100565654505,0.0,0.0,0.5558923106891775,0.235890708516326
2023-08-17,4369.74,17.593703737383347,17.889999389648438,1.1099987030029297,actual,0.8030850996772418,-0.03531441888717346,0.0009268271455766808,0.002570785050838964,0.0,0.0012605491835664395,0.7725288421700505,-0.3374698608328792
2023-08-18,4370.44,17.013581157561898,17.299999237060547,-0.5900001525878906,actual,0.0979008394207952,-0.6117620015798462,-0.0012018916969189775,0.0010056391641519724,-0.0016505260253794063,0.0008249319904258812,-0.5148830087267715,0.07511714386111912
2023-08-21,4400.13,16.982577321403404,17.1299991607666,-0.1700000762939453,actual,-0.5577285817415039,0.49889391853746545,0.0009769008346225405,-0.00048139640941613493,0.0063172949219243435,-0.0011623679880834459,-0.0531842318449911,0.11681584444895421
2023-08-22,4387.69,17.031230123554174,16.969999313354492,-0.15999984741210938,actual,0.19352346189530145,-0.06653331449609823,-0.0028499742022134456,-0.006480754814830902,-0.010911422430300632,0.010483054441003503,0.11723105039286175,0.2772308978049711
2023-08-23,4436.39,16.019393791440002,15.979999542236328,-0.9899997711181641,actual,-0.9140178620954842,-0.06546987370660595,0.0013894110414760519,-0.04719691680160665,0.01102342563145342,0.0,-1.0142718159307673,-0.024272044812603255
2023-08-24,4375.7,16.94234219774072,17.200000762939453,1.220001220703125,actual,1.094396238814607,-0.22914784793253062,7.074060320988451e-05,0.0003343321611808392,-0.0014619790131646937,0.0024081343759583262,0.8665996190092606,-0.35340160169386436
2023-08-25,4405.65,15.402281896747622,15.680000305175781,-1.5200004577636719,actual,-0.5098584209550445,-0.7485069110464302,-0.0016894076094935429,-0.0007080158622443378,-0.0003037940216685797,0.0,-1.2610665494948812,0.2589339082687907
2023-08-28,4433.62,15.038645785211271,15.079999923706055,-0.6000003814697266,actual,-0.7341241151418672,0.26708398513343745,-0.0016993751142226898,-0.0011708857391887761,-0.0014356166054589892,-0.005016414922616619,-0.4763624223899168,0.12363795907980979
2023-08-29,4497.7,14.395769330067996,14.449999809265137,-0.630000114440918,actual,-0.8509702983934844,0.36148323811367433,0.0019510619127789397,-0.026162151011480006,0.011361210600869143,-0.021603940837897184,-0.5239408796155391,0.10605923482537882
2023-08-30,4515.48,13.850400321804212,13.880000114440918,-0.5699996948242188,actual,-0.7870563399250781,0.03881531001563232,-0.004128253482798883,0.0,0.0,0.0,-0.7523692833922446,-0.18236958856802588
2023-08-31,4509.2,13.442304344593675,13.569999694824219,-0.3100004196166992,actual,0.07439466574550302,-0.40538082900030936,-0.0007739839269049753,0.0015998002149828494,-0.0009065259961609229,0.0,-0.3310668729628894,-0.021066453346190173
2023-09-01,4516.02,12.803128594819832,13.09000015258789,-0.4799995422363281,actual,-0.06842825015070986,-0.477599289775263,0.0006756459406318527,-0.0005646301992250358,0.0015086042966849789,-0.00030738533171437155,-0.5447153052195954,-0.06471576298326731
2023-09-05,4496.38,13.840936223139291,14.010000228881836,0.9200000762939453,actual,0.42996858818533745,0.5292152828701049,0.0005762344664468344,0.001247073073740168,0.0009042392645266517,0.00360761049901015,0.9655190283591661,0.04551895206522083
2023-09-06,4465.78,14.323186187828432,14.449999809265137,0.4399995803833008,actual,0.5382793598371478,-0.0015210382880148643,0.002024039047165971,0.0,0.0,0.0,0.5387823605962989,0.09878278021299813
2023-09-07,4451.82,14.271313486837606,14.399999618530273,-0.05000019073486328,actual,0.2084729119743809,-0.10990975890325494,0.0,-0.0005506038886906595,0.0,0.0,0.0980125491824353,0.14801273991729857
2023-09-08,4457.83,13.671976856535947,13.84000015258789,-0.5599994659423828,actual,-0.2722570607837014,-0.4550826413179099,-0.0019574690736217093,0.0,-0.000656839485078109,0.0,-0.7299540106603111,-0.16995454471792826
2023-09-11,4487.73,13.653851312733387,13.800000190734863,-0.039999961853027344,actual,-0.40864466848089975,0.318321897376455,0.0013062373924146442,0.0016233903203328737,0.01300579361765486,-0.00047925694788730766,-0.07486660672192968,-0.03486664486890234
2023-09-12,4461.94,14.247841419031118,14.229999542236328,0.42999935150146484,actual,0.3500022210878555,0.27033997161035295,-0.0005420674161591421,-0.0022798775377168568,-0.00941168380515478,-0.053962987470235646,0.554145576468942,0.12414622496747718
2023-09-13,4467.77,13.527687805477044,13.479999542236328,-0.75,actual,0.0,-0.5632947456623256,0.0,0.0,0.0,0.0,-0.5632947456623256,0.18670525433767438
2023-09-14,4505.26,12.799516149508566,12.819999694824219,-0.6599998474121094,actual,-0.6190964967458985,-0.4842037155742567,0.001887921764597067,-0.00031010451374058334,0.0,0.0,-1.1017223950692987,-0.4417225476571893
2023-09-15,4449.99,13.747644416214113,13.789999961853027,0.9700002670288086,actual,1.1432305431207954,-0.10736532688601663,5.246655939394884e-05,0.003490972709654372,0.0,0.0,1.039408655503827,0.06940838847501851
2023-09-18,4453.66,13.959638047021128,14.0,0.21000003814697266,actual,-0.15523455791939078,0.48140773464893094,0.0004429241671797257,-0.0002655062901482097,0.0025062284140542346,-0.004715746325041792,0.3241410766955841,0.11414103854861146
2023-09-19,4444.15,14.159635702734407,14.109999656677246,0.1099996566772461,actual,0.16492113883125548,-0.0054521586524494126,-0.0013058595635992987,0.0018884824304308268,-0.009744762325889056,0.006675599678331423,0.15698244039807996,0.046982783720833865
2023-09-20,4401.93,14.922447765280026,15.140000343322754,1.0300006866455078,actual,0.7289086112755339,0.12991275666703928,-0.0021052799947351986,0.0,0.0,0.0,0.8567160879478379,-0.17328459869766988
2023-09-21,4329.76,17.06823175936404,17.540000915527344,2.40000057220459,actual,1.4183106599966937,0.6310128817342306,-0.00046195352546440915,-0.00030853333439573305,0.0,0.0007106357424309095,2.049263690613495,-0.35073688159109473
2023-09-22,4321.33,16.911639982748277,17.200000762939453,-0.3400001525878906,actual,0.047250421368008944,-0.24786508045748867,-0.00011794752808924613,-0.0008873716251898145,0.0,0.0,-0.2016199782427588,0.13838017434513183
2023-09-25,4337.98,16.652846428022364,16.899999618530273,-0.3000011444091797,actual,-0.36024675323766964,0.2852163757491759,-0.0003909161879462886,-0.0009300570760579774,0.0007788989869119689,-0.0003758855605404676,-0.07594833732612649,0.2240528070830532
2023-09-26,4273.67,19.068887878462924,18.940000534057617,2.0400009155273438,actual,1.135022116098538,0.8213540380413846,-0.0019921677245378078,0.0001465663790085614,-0.005267479893536375,0.00532427562231419,1.9545873485231713,-0.08541356700417246
2023-09-27,4274.72,18.38721009236676,18.219999313354492,-0.720001220703125,actual,0.0,-0.40120927846821175,0.00042191937697566573,3.109601168560516e-05,-0.018547324559364142,0.00036833248062961843,-0.418935255158285,0.30106596554484
2023-09-28,4299.14,17.174604973247177,17.34000015258789,-0.8799991607666016,actual,-0.35596715786431865,-0.6532583353619774,0.0,0.0009194670415517692,0.0,0.0,-1.0083060261847443,-0.12830686541814273
2023-09-29,4286.6,17.19590957531399,17.520000457763672,0.18000030517578125,actual,0.39246814615039227,-0.1532947119767254,0.000839137371862364,0.0014105049601447206,0.0,0.0,0.24142307650567396,0.06142277132989271
2023-10-02,4288.24,17.590459856597185,17.610000610351562,0.09000015258789062,actual,0.0,0.4827928213117687,-0.00021369260874948282,0.0006705464097365166,-0.003778764186694872,0.000674631133993131,0.480145542060054,0.3901453894721634
2023-10-03,4230.29,19.893552341643858,19.780000686645508,2.1700000762939453,actual,0.9740005222244488,1.0004898467096375,-0.0012912036450103415,0.0018298060168504549,0.00012174552701438301,0.003994828281285834,1.9791455451142266,-0.19085453117971873
2023-10-04,4265.1,18.39148255980171,18.579999923706055,-1.2000007629394531,actual,-0.6426464484498595,-0.6609341902239798,0.0021132598188025042,0.0,0.0,0.0,-1.3014673788550368,-0.1014666159155837
2023-10-05,4258.25,18.2188359947175,18.489999771118164,-0.09000015258789062,actual,0.05256762599275788,-0.3054391754926229,0.0,0.0,0.0,0.0,-0.252871549499865,-0.1628713969119744
2023-10-06,4307.68,17.213295258141013,17.450000762939453,-1.039999008178711,actual,-0.7564489197625246,-0.13767810355525256,0.0005057949815281404,0.0,0.0,0.0,-0.893621228336249,0.14637777984246192
2023-10-09,4334.89,17.60575767976431,17.700000762939453,0.25,actual,-0.3528692787606058,0.42212734943386465,0.0014627785283245487,-0.0052004693617817566,0.017712654895927216,-0.009023228431928487,0.07420980630380036,-0.17579019369619964
2023-10-10,4358.63,17.029858256731664,17.030000686645508,-0.6700000762939453,actual,-0.37269634626010095,-0.383510948795001,0.001566417153302524,0.0003130149118781844,0.012349255102645174,-0.0315296273594079,-0.773508235246684,-0.10350815895273868
2023-10-11,4376.78,16.3040093920538,16.09000015258789,-0.9400005340576172,actual,-0.2348024085702214,-0.3975152238085471,0.0012907055244042454,0.0,0.006692710197039986,0.0,-0.6243342166573242,0.31566631740029294
2023-10-12,4349.45,16.662472784317494,16.690000534057617,0.6000003814697266,actual,0.5015316964334833,-0.26739084370155375,0.0004454279625072388,-0.0006420321530775652,0.0,-0.0018127685917086467,0.23213147994965055,-0.367868901520076
2023-10-13,4327.02,19.002310006819233,19.31999969482422,2.6299991607666016,actual,0.3676282781902156,1.1258963786275,0.0040749484357931465,-0.002977974170168096,0.0,0.0,1.4946216310833407,-1.1353775296832609
2023-10-16,4371.8,17.2349348842642,17.209999084472656,-2.1100006103515625,actual,-1.1289079046066863,-0.2119172693884881,-0.0021133613912454052,0.0,-0.005475204211638385,-0.003143074611219987,-1.3515568142092782,0.7584437961422843
2023-10-17,4373.23,17.84697012509776,17.8799991607666,0.6700000762939453,actual,0.0,0.4247209823556197,0.001350706219231057,-0.001273445196474654,0.010936583230957808,-0.009568443483502165,0.42616638312583177,-0.24383369316811354
2023-10-18,4314.09,19.59076163320778,19.219999313354492,1.3400001525878906,actual,1.2581273850301251,0.3453266947484117,0.0,0.0,0.0,0.0,1.6034540797785368,0.2634539271906462
2023-10-19,4277.9,20.750243692274235,21.399999618530273,2.1800003051757812,actual,0.8601005965422033,0.219312811037085,0.0002824635302154377,0.000603724574130382,0.0,0.0004559732086306667,1.0807555688922648,-1.0992447362835165
2023-10-20,4223.52,21.188051016744087,21.709999084472656,0.3099994659423828,actual,1.080561762759995,-0.6839749885757804,0.0,0.000877955673971087,0.0,0.0035755288396508433,0.40104025869783655,0.09104079275545374
2023-10-23,4216.85,20.773385821185343,20.3700008392334,-1.3399982452392578,actual,0.19907713797770654,-0.10661750162124406,-0.000336155933464255,1.3187311996176732e-05,-0.008156323038789992,0.0007856652965223532,0.08476600999272677,1.4247642552319846
2023-10-24,4247.7,19.11885962219514,18.969999313354492,-1.4000015258789062,actual,-0.6838909491855496,-0.6981350153628618,-0.0021439721737941397,-0.00032440021207591485,-0.0069913486956956206,0.0006110067793194673,-1.3908746788506576,0.00912684702824862
2023-10-25,4186.74,20.522325556007456,20.190000534057617,1.220001220703125,actual,1.1659177253913597,0.055104530396899776,-0.0006861328939358202,0.0007440678414809554,0.0,0.0,1.2210801907358046,0.0010789700326796492
2023-10-26,4136.8,20.968296584419427,20.68000030517578,0.48999977111816406,actual,0.9157381139628953,-0.4532632754630015,0.0,0.0008298815770295676,0.0,0.002249603777517706,0.46555432385444107,-0.024445447263722997
2023-10-27,4118.31,20.996264945442917,21.270000457763672,0.5900001525878906,actual,0.3460957551226542,-0.375718098925681,0.0,0.0007732773530051418,0.00670625387121504,0.0009445880757468217,-0.021198224503059748,-0.6111983770909504
2023-10-30,4166.56,19.56209675767435,19.75,-1.5200004577636719,actual,-0.702661927302831,-0.3288805881606649,0.0006831938719180641,0.0018778525162836956,0.007335257730215261,0.002749627814051081,-1.0188965835310277,0.5011038742326441
2023-10-31,4193.47,17.90331852183527,18.139999389648438,-1.6100006103515625,actual,-0.32237594852827556,-0.958484148125665,0.0013206170382673577,-9.284778506923885e-06,0.0014645656822906972,0.0,-1.2780841987118894,0.3319164116396731
2023-11-01,4237.6,16.862565766547966,16.8700008392334,-1.269998550415039,actual,-0.7150596454481342,-0.43691911471016276,0.0,0.0,0.0,0.0,-1.151978760158297,0.11801979025674214
2023-11-02,4317.96,15.494064979631547,15.65999984741211,-1.210000991821289,actual,-1.4527352312914807,0.10222119150992448,-0.0013478819179333357,-0.006166057330037944,0.0,0.0,-1.3580279790295275,-0.14802698720823848
2023-11-03,4358.2,14.83876522621211,14.90999984741211,-0.75,actual,-0.456607074903717,-0.51945261213449,0.005302637616130923,0.0,0.005562222985894039,0.0,-0.965194826436182,-0.21519482643618204
2023-11-06,4367.05,14.6292017825978,14.890000343322754,-0.01999950408935547,actual,-0.06246369271574359,0.07086382581190342,0.00013449792538899885,0.0016346997576803801,0.00013793230564473902,-0.030070938104287848,-0.019763675019413895,0.00023582906994157327
2023-11-07,4378.88,14.686751362377356,14.8100004196167,-0.07999992370605469,actual,-0.22867150302673167,0.17642966705744456,0.0009511981559349181,-0.001784704551832661,0.000937402765478268,-0.007775661001810263,-0.05991360060151685,0.02008632310453784
2023-11-08,4383.09,14.427738111879732,14.449999809265137,-0.3600006103515625,actual,0.0,-0.0963234171562064,0.0,-0.0010089180303953782,-0.00033052540547195974,0.0,-0.09766286059207374,0.26233774975948876
2023-11-09,4347.43,15.226679287910663,15.289999961853027,0.8400001525878906,actual,0.45825069197666224,0.16540138621936507,0.0,0.000895360565067449,-0.001610684628658987,0.0,0.6229367541324358,-0.21706339845545486
2023-11-10,4415.26,13.917363332344419,14.170000076293945,-1.119999885559082,actual,-0.8735983946706529,-0.39472220013618653,0.002397966068127033,0.0,0.006073057378038982,0.0,-1.2598495713606734,-0.1398496858015914
2023-11-13,4411.21,14.801594611354968,14.760000228881836,0.5900001525878906,actual,0.0,0.8819867917549686,-0.0014965329301794839,3.880920338694693e-05,-0.0015635915552234536,-0.0005017944874872171,0.8784636819854654,0.2884635293975748
2023-11-14,4496.43,14.272574955903107,14.15999984741211,-0.6000003814697266,actual,-0.7999687003239533,0.11477572989750051,0.0,0.002500638680727363,0.011226279509571668,0.0027066762053138405,-0.6687593760308399,-0.06875899456111334
2023-11-15,4503.53,14.02558360059646,14.180000305175781,0.020000457763671875,actual,-0.2650819756167433,-0.0319302216600974,-0.0016105074832832855,-0.019088407294743703,-0.0005515589302014234,0.0,-0.3182626709850691,-0.338263128748741
2023-11-16,4508.52,14.060105576643627,14.319999694824219,0.1399993896484375,actual,-0.04925852998870006,-0.3545626218157061,0.0006963999324902659,0.0,0.0,0.0,-0.4031247518719159,-0.5431241415203534
2023-11-17,4513.7,13.595827323769614,13.800000190734863,-0.5199995040893555,actual,-0.05806699774492685,-0.13967360684719132,0.0,0.0,0.00024352886542722274,0.0,-0.19749707572669095,0.3225024283626645
2023-11-20,4548.33,13.229104281151843,13.40999984741211,-0.3900003433227539,actual,-0.32515603735958365,0.20274024378662858,0.003735180647545633,-0.010964065195388173,0.0031132326646279296,-0.006034241619982339,-0.13256568707615202,0.2574346562466019
2023-11-21,4538.33,13.239482503344496,13.350000381469727,-0.05999946594238281,actual,0.0,0.024187675833495348,-0.0018696591389879558,0.006704731624848748,-0.0023343596591285376,0.0016063893751034897,0.028294778035331092,0.0882942439777139
2023-11-22,4556.23,12.87774935272987,12.850000381469727,-0.5,actual,-0.14149648935544867,-0.11328580367228014,0.0032649697470006345,-0.005310099407420665,0.0,0.0,-0.25682742268814884,0.24317257731185116
2023-11-24,4559.34,12.259819105952593,12.460000038146973,-0.3900003433227539,actual,0.0,-0.5938641213241596,0.0,0.00025148581012146565,0.0,0.0,-0.5936126355140381,-0.20361229219128418
2023-11-27,4550.75,12.352889186015895,12.6899995803833,0.22999954223632812,actual,0.062137246683937164,0.02459946584460404,0.00028504697081288555,0.00017453251486010402,0.004956862471336976,0.0074955611174925,0.09964871560304367,-0.13035082663328446
2023-11-28,4554.83,12.463967780434109,12.6899995803833,0.0,actual,-0.05969100884466272,0.1350731911762555,0.0004945837934826613,-0.0004963995288900236,-0.0008194823876817026,-0.002878868589530015,0.0716820156189737,0.0716820156189737
2023-11-29,4550.28,12.982819025612654,12.979999542236328,0.28999996185302734,actual,0.044360945774249316,0.4756574064323491,7.051453543027719e-05,-0.0003342636068506266,-0.002003894388515448,0.0,0.5177507087466626,0.22775074689363528
2023-11-30,4568.79,12.702496545488925,12.920000076293945,-0.05999946594238281,actual,-0.11657985299662776,0.06801412721803857,0.0,0.0,0.0,0.0,-0.0485657257785892,0.011433740163793615
2023-12-01,4593.68,12.383149585343409,12.630000114440918,-0.28999996185302734,actual,-0.41566160945476405,0.24285234291361846,-0.0011081969531367974,0.0,0.0,0.0,-0.1739174634942824,0.11608249835874496
2023-12-04,4569.87,12.629963452908502,13.079999923706055,0.4499998092651367,actual,0.2265147926998985,0.03457836142422366,-0.0005161521259662294,0.006689850287951771,0.0,0.009991170453906406,0.2772580227400141,-0.17274178652512262
2023-12-05,4567.95,12.592172168926838,12.850000381469727,-0.22999954223632812,actual,0.0,0.1574050035401644,-0.0047906875280361305,-0.0017347540086660729,-0.0077240873093167295,0.00038595255063533784,0.1435414272447808,0.37354096948110893
2023-12-06,4549.8,13.001295376936733,12.970000267028809,0.11999988555908203,actual,0.22260067933345518,0.07520456478691706,0.002017974536729028,0.0018296442829370818,-0.002379470629222169,0.0,0.2992733923108162,0.17927350675173415
2023-12-07,4585.0,12.893679408011192,13.0600004196167,0.09000015258789062,actual,-0.3284280599055762,0.21586964446149182,0.0015363417130576096,-0.000682109236818107,0.0,0.0,-0.1117041829678449,-0.20170433555573553
2023-12-08,4604.03,12.159838240613617,12.350000381469727,-0.7100000381469727,actual,-0.1263345156185398,-0.5860551059063521,0.0005636115963287835,0.000591581749628034,0.001610081445299727,0.0,-0.7096243467336354,0.00037569141333726463
2023-12-11,4622.68,12.373173667968599,12.630000114440918,0.2799997329711914,actual,-0.09169047925431961,0.3148020524931603,0.0019617235688240697,-0.0028877267943894225,0.0,-0.006111524535315382,0.21607404547795994,-0.06392568749323146
2023-12-12,4643.59,12.033740545496336,12.069999694824219,-0.5600004196166992,actual,-0.17924665815632324,-0.32783433576606313,0.0013033242947422252,-0.012158885514393702,0.0032535868007403934,-0.004239043388515995,-0.5189220117298134,0.04107840788688577
2023-12-13,4706.41,12.188575435699992,12.1899995803833,0.11999988555908203,actual,-0.464079920430823,0.4327534129955879,0.0,0.0,0.0,-0.0012467283264250284,-0.03257323576166016,-0.1525731213207422
2023-12-14,4719.46,12.358322165265601,12.479999542236328,0.28999996185302734,actual,0.016880508035006514,-0.16659587632332418,0.004013431971435111,0.0,0.002760621007761088,-0.004116545117621939,-0.1470578604267434,-0.43705782227977075
2023-12-15,4715.06,12.135195324306782,12.279999732971191,-0.19999980926513672,actual,0.0,0.0016062274841317503,0.0,0.0007854832383067389,0.0,0.0,0.0023917107224384893,0.2023915199875752
2023-12-18,4740.46,12.345594054011407,12.5600004196167,0.2800006866455078,actual,-0.23908916792597523,0.5677661612226697,0.0034377828734566407,-0.0022176995851914683,0.0017840472309131883,-0.006730139108535482,0.3249509847073373,0.044950298061829486
2023-12-19,4768.54,12.507069492429821,12.529999732971191,-0.030000686645507812,actual,-0.19977860137413472,0.37987025088763815,0.0027219153628923465,0.005479560332602773,0.00161796438066375,0.0020771729370672176,0.19198826252672951,0.22198894917223733
2023-12-20,4698.15,13.68535288939628,13.670000076293945,1.140000343322754,actual,0.6588233578942386,0.21460027944907267,-0.0007122267753594258,8.879920172155664e-05,-0.007733029870466979,0.02147601510856134,0.8865431950077678,-0.2534571483149861
2023-12-21,4747.03,13.397985961908107,13.649999618530273,-0.020000457763671875,actual,-0.44927693768975097,0.29215360541314617,-0.00024023617563528887,-0.0014330028408480189,0.0016880003716224223,0.0,-0.15710857092146568,-0.1371081131577938
2023-12-22,4755.11,12.855541881329028,13.029999732971191,-0.619999885559082,actual,-0.1420916639773253,-0.17894992119287778,-0.0007052377366143503,-0.0007428108745930473,-0.0008312285562226407,0.0,-0.32332086233763313,0.2966790232214489
2023-12-26,4774.94,12.932351940045066,12.989999771118164,-0.039999961853027344,actual,-0.20221132614100767,0.2655254781634895,0.0016236693052196216,-8.271600863452022e-05,0.0016908425165187424,-0.004943522918260612,0.06160242491732504,0.10160238677035238
2023-12-27,4782.5,12.336564495770835,12.430000305175781,-0.5599994659423828,actual,0.0,-0.47270661825909954,0.0012661510692240086,-0.008225954963275939,0.0020636886584473046,0.0,-0.47760273349470417,0.08239673244767864
2023-12-28,4783.83,12.300004849434615,12.470000267028809,0.039999961853027344,actual,0.0,-0.04172033584443291,-0.002147095814505562,0.0005519664129618462,-0.0007606476982964239,0.0,-0.04407611294427305,-0.08407607479730039
2023-12-29,4772.17,12.087059426853997,12.449999809265137,-0.020000457763671875,actual,0.18099120542237124,-0.29216674298646517,-0.0001297578362873253,-0.0003267867455214457,-0.0005103149534217977,0.0030178721248876883,-0.10912452497443681,-0.08912406721076493
